Country,Year,Alcohol,GDP,LifeExp
Bangladesh,2020,0.004,2248.85078828233,71.421
Afghanistan,2020,0.01,510.787063366811,61.454
Libya,2020,0.021,6650.33810585348,72.388
Mauritania,2020,0.008,1795.76459566714,66.794
Sudan,2020,0.011,577.795227050781,65.124
Indonesia,2020,0.09,3853.70288774146,68.817
Kuwait,2020,0.073,25236.0755848941,78.7609756097561
Pakistan,2020,0.097,1278.39735206896,65.701
Niger,2020,0.13,579.512495758236,59.89
Syrian Arab Republic,2020,0.12,572.355289831901,71.944
Timor-Leste,2020,0.21,1630.86938521256,66.919
Jordan,2020,0.25,4022.0401356135,75.583
Sierra Leone,2020,0.26,845.277557920549,59.694
Djibouti,2020,0.33,2844.88810647853,64.2
Tonga,2020,0.31,4792.35854741522,72.379
Tuvalu,2020,0.32,4976.11254109571,66.357
Comoros,2020,0.37,1519.34665556206,65.756
Senegal,2020,0.43,1461.08720350553,67.496
Algeria,2020,0.48,3743.5419522929,73.257
Guinea,2020,0.53,1053.66097696415,59.35
Morocco,2020,0.59,3268.0302734375,73.133
Iraq,2020,0.64,4295.18945121228,69.651
Brunei Darussalam,2020,0.71,26834.3592233943,75.114
Oman,2020,0.77,16784.8630630058,77.763
Tajikistan,2020,0.77,834.311715460625,68.605
Malaysia,2020,0.79,9957.52626697613,76.057
Solomon Islands,2020,0.8,2063.32780991967,69.258
Madagascar,2020,0.94,450.771615201509,62.706
Kiribati,2020,1.06,1751.78249168214,65.205
Qatar,2020,1.16,51683.5681078949,80.409
Togo,2020,1.17,863.468665870276,61.14
United Arab Emirates,2020,1.29,37991.7492971665,81.936
Papua New Guinea,2020,1.4,2429.61134585269,65.075
Malawi,2020,1.52,602.507478176106,65.216
Lebanon,2020,1.63,5561.19166950397,76.299
Bahrain,2020,1.66,24342.8444554718,78.683
Guatemala,2020,1.68,4477.61785000665,69.971
Maldives,2020,1.82,7393.8886543933,78.713
Singapore,2020,1.8,61410.0792630788,83.5439024390244
Tunisia,2020,1.87,3548.65363663803,75.004
Canada,2020,10.09,43537.839298904,81.53
Vietnam,2020,10.57,3534.03953482647,75.383
Russia,2020,10.56,10108.3271484375,71.3387804878049
Ireland,2020,10.63,86514.0706108754,82.4560975609756
Spain,2020,10.66,27233.9426461608,82.2317073170732
Croatia,2020,10.81,14807.5608543265,77.5243902439024
Portugal,2020,10.88,22299.4044062173,81.3292682926829
Australia,2020,11.02,51983.4523666382,83.2
Luxembourg,2020,10.96,116860.02817236,82.1439024390244
Andorra,2020,11.02,37361.1070081615,79.418
Belarus,2020,11.2,6542.85579976768,72.1385609756098
Hungary,2020,11.26,16386.9308821258,75.419512195122
Germany,2020,11.31,47394.8734504469,81.0414634146342
Slovenia,2020,11.29,25392.0651093612,80.5317073170732
France,2020,11.43,39169.8606000707,82.1756097560976
Bulgaria,2020,11.44,10760.211975413,73.3560975609756
Seychelles,2020,11.67,14041.4754074575,77.2365853658537
Namibia,2020,11.83,3878.58982993966,64.071
Austria,2020,11.88,48716.4098900349,81.1926829268293
Lithuania,2020,11.98,20428.6478157394,75.0292682926829
Poland,2020,12.11,16150.9304813473,76.4
Czechia,2020,13.64,23472.8915454417,78.2268292682927
Latvia,2020,14.66,17564.2321549354,75.1853658536585
Georgia,2020,15.88,4300.85701291207,73.509
Romania,2020,17.09,13009.1770573223,74.2536585365854
Mozambique,2020,1.98,462.433876479921,61.39
Central African Republic,2020,2.11,462.879071294011,50.596
Turkey,2020,2.08,8798.11791709313,76.525
Myanmar,2020,2.06,1490.21683599469,66.612
Nigeria,2020,2.2,2797.18458068686,53.072
Vanuatu,2020,2.24,3042.98711598286,70.385
Uzbekistan,2020,2.3,1978.28051860763,71.461
Azerbaijan,2020,2.44,4229.91064904503,70.312
Mali,2020,2.66,953.242943290974,58.858
Sri Lanka,2020,2.7,3847.60137695639,76.928
Nauru,2020,2.75,10709.068810538,61.527
Ecuador,2020,2.83,5463.64515348598,72.004
Kenya,2020,2.77,1927.66459027849,61.596
Samoa,2020,2.93,4099.59660548583,70.727
Liberia,2020,3.0,616.787867006715,61.267
Turkmenistan,2020,3.01,5972.72356566861,68.846
Chad,2020,3.12,866.947814890409,53.082
Israel,2020,3.06,44575.5719045492,82.6487804878049
Nepal,2020,3.22,1154.21517578318,69.106
Honduras,2020,3.2,2307.61494319511,70.864
Guinea-Bissau,2020,3.23,846.915855715971,61.343
Ethiopia,2020,3.3,829.790982547947,65.969
Haiti,2020,3.35,1290.32538667383,63.773
El Salvador,2020,3.43,3997.19279583709,70.244
Costa Rica,2020,3.56,12394.0493969492,79.725
Zambia,2020,3.56,951.644316655957,63.361
Fiji,2020,3.71,4620.6457238014,66.924
Jamaica,2020,3.77,5299.04530804283,71.452
Lesotho,2020,3.85,918.582574704447,55.133
Nicaragua,2020,3.94,1938.44704754382,70.766
Colombia,2020,4.08,5339.68711357943,74.757
Cabo Verde,2020,4.14,3539.22661248299,73.818
Cote d'Ivoire,2020,4.41,2179.72934832935,60.14
Burundi,2020,4.44,255.8324539389,62.569
Bhutan,2020,4.44,3191.66906999331,72.253
Angola,2020,4.46,1759.35619918264,63.116
India,2020,4.54,1907.04251637669,70.156
Ghana,2020,4.55,2195.45481659987,64.309
Armenia,2020,4.7,4268.68093304583,73.3756097560976
Kazakhstan,2020,4.73,8781.50797787648,71.195
Trinidad and Tobago,2020,4.74,15283.6270531554,72.645
China,2020,4.77,10627.4637989619,78.019
Albania,2020,4.92,6027.91350716348,77.824
Dominican Republic,2020,5.07,7135.22273255899,72.636
Guyana,2020,5.12,6775.70939096303,67.751
Cyprus,2020,5.39,28130.341796875,81.23
Belize,2020,5.4,5238.54078175696,71.58
Zimbabwe,2020,5.56,2059.67445384499,61.53
Cambodia,2020,5.71,2081.73914242939,70.059
Philippines,2020,5.76,3227.57910235199,70.097
Cuba,2020,5.84,9605.27914559614,77.407
North Macedonia,2020,5.79,6659.59651070776,74.3951219512195
Mexico,2020,5.88,8841.27075039868,70.449
Sao Tome and Principe,2020,5.86,2167.22001796925,67.979
Suriname,2020,6.14,4755.39221710693,72.321
Botswana,2020,6.06,6323.2974967659,67.643
Bosnia and Herzegovina,2020,6.2,6130.31187968266,76.04
Uruguay,2020,6.19,15757.5355995779,78.381
Rwanda,2020,6.27,778.701498925026,66.953
Equatorial Guinea,2020,6.35,5764.05502912947,62.141
Panama,2020,6.33,13290.5608397749,76.33
Uganda,2020,6.41,845.766463890124,66.41
Japan,2020,6.38,40028.7341726762,84.56
Malta,2020,6.47,31823.4363934505,82.0975609756098
Paraguay,2020,6.52,5365.47220721104,72.72
Benin,2020,7.02,1200.19426557789,60.154
Greece,2020,6.96,17886.733165236,81.2878048780488
Peru,2020,7.0,6133.32552410183,73.832
Eswatini,2020,7.08,3466.56936278145,59.862
Dominica,2020,7.14,7827.74842680426,71.269
Norway,2020,7.35,68340.0181033702,83.209756097561
Burkina Faso,2020,7.51,825.237038782475,60.454
Gabon,2020,7.51,6605.80346077565,67.073
Thailand,2020,7.66,6985.64393892574,77.331
South Africa,2020,7.76,5580.60383075189,65.15
Mongolia,2020,7.79,4001.25193077703,71.3490243902439
Mauritius,2020,7.8,9135.84773751062,74.1770731707317
Grenada,2020,7.89,8968.55890108484,75.019
Chile,2020,7.91,13114.815470545,79.349
Cameroon,2020,7.96,1555.60370660749,61.674
Iceland,2020,8.0,60127.9393575616,83.0634146341463
Argentina,2020,8.23,8535.59938004389,75.878
Montenegro,2020,8.32,7538.53635992191,75.9317073170732
Italy,2020,8.3,32091.4866621366,82.1951219512195
Ukraine,2020,8.44,3709.76928710938,73.283
Serbia,2020,9.09,8098.70955668849,74.4780487804878
Belgium,2020,9.22,45906.2875805246,80.6951219512195
New Zealand,2020,9.29,41997.7830324279,82.2560975609756
Switzerland,2020,9.26,85897.7843338323,83.0
Brazil,2020,9.52,7074.19407495707,74.506
Sweden,2020,9.54,52568.5726980146,82.3560975609756
Barbados,2020,9.56,19194.4919736739,76.647
Estonia,2020,9.68,23933.9939421065,78.5951219512195
United States,2020,9.66,63515.9491807833,76.9804878048781
Antigua and Barbuda,2020,9.78,15369.6082250401,77.161
Finland,2020,9.84,48828.6846862799,81.9317073170732
Denmark,2020,9.93,60985.4885601514,81.6024390243903
Bangladesh,2019,0.005,2129.79896954606,72.625
Afghanistan,2019,0.011,496.6025042585,62.941
Libya,2019,0.02,9963.19489084483,72.941
Mauritania,2019,0.012,1767.072710621,67.64
Sudan,2019,0.009,709.975280761719,65.803
Indonesia,2019,0.099,4106.94856160358,70.349
Kuwait,2019,0.077,31707.8737443551,81.969756097561
Pakistan,2019,0.1,1390.41690981745,66.729
Niger,2019,0.13,561.691304349698,60.031
Syrian Arab Republic,2019,0.17,1109.53926036049,70.97
Jordan,2019,0.28,4170.1144003465,76.865
Sierra Leone,2019,0.25,843.712517809977,59.593
Timor-Leste,2019,0.26,1562.36458068032,66.496
Tonga,2019,0.31,4788.83342304684,72.292
Comoros,2019,0.31,1510.23218151592,65.662
Djibouti,2019,0.32,2837.16902340932,64.381
Tuvalu,2019,0.32,5115.13075950206,66.109
Senegal,2019,0.41,1431.18128932159,67.668
Algeria,2019,0.51,4468.45341883656,75.682
Guinea,2019,0.49,1031.34146480732,59.379
Morocco,2019,0.58,3508.09765625,74.245
Iraq,2019,0.65,5671.8568632942,71.245
Brunei Darussalam,2019,0.71,30426.5730656528,75.049
Malaysia,2019,0.81,10920.191763972,75.9
Tajikistan,2019,0.81,871.022372934846,70.962
Oman,2019,0.84,19180.1864152801,79.946
Solomon Islands,2019,0.94,2223.65890942466,69.981
Madagascar,2019,1.0,499.818837622534,63.504
Kiribati,2019,1.12,1750.9977188915,65.866
Qatar,2019,1.14,66841.3623185691,82.945
Togo,2019,1.15,826.255209019798,61.061
Malawi,2019,1.52,580.889139762475,64.995
Papua New Guinea,2019,1.53,2575.77274140393,65.331
Bahrain,2019,1.6,27259.7438599327,80.471
Singapore,2019,1.63,65952.0378959293,83.5951219512195
Guatemala,2019,1.68,4511.99839552697,71.639
Lebanon,2019,1.7,8905.88005497437,78.208
Maldives,2019,1.87,11740.2724029785,79.707
Canada,2019,10.04,46352.8693445211,82.1585365853659
Burkina Faso,2019,10.27,764.853077774946,60.184
Finland,2019,10.38,48358.1807773701,81.9829268292683
Antigua and Barbuda,2019,10.4,18896.3721832248,77.168
Spain,2019,10.61,29786.5245689007,83.8317073170732
Russia,2019,10.67,11447.701171875,73.0839024390244
Croatia,2019,10.75,15563.5987295029,78.2243902439024
Portugal,2019,10.8,23343.3628970034,81.6756097560976
Belarus,2019,10.82,6837.77339645635,74.2268292682927
Vietnam,2019,10.92,3440.90025375434,74.211
Australia,2019,10.88,55194.7585097428,82.9
Ireland,2019,11.02,81827.6688873996,82.7024390243903
Slovenia,2019,11.08,25814.1687167572,81.5292682926829
Andorra,2019,11.18,41257.816459345,84.098
Luxembourg,2019,11.25,112696.649059674,82.6390243902439
Namibia,2019,11.34,4731.9210318831,63.546
Lithuania,2019,11.43,19608.7943945553,76.2829268292683
Bulgaria,2019,11.5,10353.7204584127,75.1121951219512
Hungary,2019,11.55,17012.8598553199,76.3195121951219
Germany,2019,11.57,47656.199739747,81.2926829268293
Seychelles,2019,11.73,19141.5118743615,74.0463414634146
France,2019,11.76,40408.2848574751,82.8268292682927
Austria,2019,11.85,49885.9947355204,81.8951219512195
Poland,2019,12.04,15874.5220531254,77.9048780487805
Czechia,2019,13.75,24062.7190013343,79.2292682926829
Latvia,2019,14.1,17294.9751600969,75.3878048780488
Georgia,2019,15.57,4741.2832715876,74.165
Romania,2019,17.11,12909.6104013244,75.6073170731707
Tunisia,2019,1.95,3528.87213306798,75.599
United Arab Emirates,2019,2.02,45938.6073581994,82.596
Mozambique,2019,2.03,519.09255091362,61.306
Central African Republic,2019,2.14,449.228467602439,31.53
Turkey,2019,2.07,9395.23378001368,77.737
Nigeria,2019,2.13,3189.81286498516,53.009
Myanmar,2019,2.16,1425.98954241668,66.457
Azerbaijan,2019,2.3,4805.75371765917,73.29
Vanuatu,2019,2.37,3207.44650452083,70.783
Nepal,2019,2.52,1203.14294706401,69.299
Uzbekistan,2019,2.49,2041.38480729431,72.093
Nauru,2019,2.55,10801.7705659635,61.393
Mali,2019,2.67,971.949318638092,59.217
Sri Lanka,2019,2.68,4081.94772722003,76.698
Kenya,2019,2.78,1960.40808854893,62.939
Liberia,2019,3.03,658.164180770507,61.232
Turkmenistan,2019,2.99,5998.0017434754,69.405
Ecuador,2019,3.05,6205.05765246766,77.286
Israel,2019,3.05,44250.6313628073,82.8048780487805
Samoa,2019,3.17,4351.94234943706,70.269
Honduras,2019,3.25,2502.32744328073,72.124
Guinea-Bissau,2019,3.25,811.216425885129,62.161
Ethiopia,2019,3.34,793.473247210264,65.741
Chad,2019,3.4,893.336441643325,52.993
El Salvador,2019,3.41,4320.11671534627,71.725
Costa Rica,2019,3.48,12884.6859951989,80.296
Haiti,2019,3.46,1352.17204191532,64.328
Zambia,2019,3.62,1258.98619844462,62.914
Jamaica,2019,3.8,6030.68896415921,71.532
Colombia,2019,3.94,6472.54544924705,76.793
Nicaragua,2019,4.07,1958.62051528095,73.764
Fiji,2019,4.16,5842.07344577597,67.009
Cabo Verde,2019,4.3,4380.78117331128,75.449
Cote d'Ivoire,2019,4.36,2141.76836170115,60.274
Bhutan,2019,4.42,3576.87987100503,72.005
Lesotho,2019,4.45,1082.05706777516,55.249
Burundi,2019,4.46,234.31061590725,62.18
Ghana,2019,4.59,2186.65822682613,64.455
India,2019,4.66,2041.42863698585,70.746
Kazakhstan,2019,4.84,9457.12614657136,73.658
Dominican Republic,2019,4.83,8183.01623600375,73.112
Trinidad and Tobago,2019,4.8,17212.6128892163,72.836
Albania,2019,4.89,6069.43903131027,79.467
Armenia,2019,4.97,4597.22887399548,76.2219512195122
China,2019,5.1,10342.9009524335,77.94
Guyana,2019,5.11,6405.82443444562,69.067
Angola,2019,5.29,2493.67884440177,63.051
North Macedonia,2019,5.43,6718.85826635458,76.6024390243903
Rwanda,2019,5.82,810.051412137354,66.691
Cyprus,2019,5.79,29227.173828125,81.454
Mexico,2019,5.91,10369.5553585271,74.53
Zimbabwe,2019,5.86,2184.32923855469,61.06
Sao Tome and Principe,2019,5.92,1935.2931816596,68.043
Belize,2019,5.88,6171.61449761423,72.577
Philippines,2019,6.01,3400.78949767074,69.68
Cambodia,2019,5.95,2225.87705485686,70.127
Cuba,2019,6.06,9232.26115935183,77.413
Uruguay,2019,6.14,18315.7316980028,77.503
Bosnia and Herzegovina,2019,6.27,6122.37541352353,77.394
Suriname,2019,6.3,6629.66775248603,71.773
Paraguay,2019,6.34,5821.18199548738,73.668
Botswana,2019,6.35,7172.08956480028,67.167
Equatorial Guinea,2019,6.44,6804.14923073888,62.297
Uganda,2019,6.5,822.171150036357,66.354
Panama,2019,6.5,16477.9066268111,78.514
Japan,2019,6.51,40415.9567649547,84.3563414634146
Norway,2019,6.9,76430.5889473338,82.9585365853659
Greece,2019,7.01,19335.3602002969,81.6390243902439
Malta,2019,7.03,32421.9179752262,82.6585365853659
Benin,2019,7.14,1130.82135339795,59.888
Eswatini,2019,7.07,3913.14577547336,59.85
Gabon,2019,7.23,7441.1786472281,67.337
Dominica,2019,7.21,9491.14995962374,71.305
Peru,2019,7.35,7037.00803692604,76.275
Chile,2019,7.37,14495.716721687,80.324
Cameroon,2019,7.48,1555.22660476477,61.695
Iceland,2019,7.63,69296.3144361601,83.1634146341463
Thailand,2019,7.61,7605.69657797759,77.197
South Africa,2019,7.94,6533.71121032856,66.071
Argentina,2019,7.91,9955.97478680428,76.847
Mauritius,2019,8.0,11568.2533399824,74.2358536585366
Mongolia,2019,8.08,4347.54610314873,71.0531707317073
Grenada,2019,8.05,10462.7929159533,74.971
Italy,2019,8.26,33812.788724868,83.4975609756098
Estonia,2019,8.5,24021.2501413306,78.6463414634147
Montenegro,2019,8.77,8749.02375172644,76.6829268292683
Ukraine,2019,8.99,3619.86157226563,73.92
Switzerland,2019,9.24,84121.9310304414,83.9048780487805
New Zealand,2019,9.31,42855.831861632,82.0560975609756
Serbia,2019,9.27,7755.632986437,75.9365853658537
Sweden,2019,9.48,51648.9892820514,83.109756097561
United States,2019,9.47,64746.4506778863,78.7878048780488
Belgium,2019,9.61,46716.6227467964,81.9951219512195
Denmark,2019,9.71,59404.2663247723,81.4512195121951
Brazil,2019,9.84,9029.83304401079,75.809
Barbados,2019,9.85,21912.1501242857,76.495
Sudan,2018,0.003,731.027465820313,65.501
Afghanistan,2018,0.013,491.337221382603,62.443
Bangladesh,2018,0.005,1965.24372731467,72.122
Libya,2018,0.008,11196.5854810844,73.151
Mauritania,2018,0.018,1722.93528854073,67.419
Indonesia,2018,0.11,3860.95353090726,70.08
Kuwait,2018,0.085,32067.9623756889,80.1063658536585
Niger,2018,0.11,578.568035680892,59.765
Pakistan,2018,0.1,1569.33814626355,66.481
Syrian Arab Republic,2018,0.2,1098.0668642357,67.371
Comoros,2018,0.29,1527.40527125285,65.401
Jordan,2018,0.31,4145.43989673265,76.491
Sierra Leone,2018,0.25,845.914540460932,59.059
Djibouti,2018,0.33,2718.08338799203,64.105
Tonga,2018,0.32,4675.04791274385,72.169
Tuvalu,2018,0.32,4466.12034928245,65.871
Senegal,2018,0.43,1452.55612562445,67.379
Algeria,2018,0.54,4577.21029180491,75.555
Guinea,2018,0.45,933.273615633705,59.043
Timor-Leste,2018,0.48,1219.46599728983,66.204
Morocco,2018,0.54,3501.69799804688,73.946
Brunei Darussalam,2018,0.71,30988.1190267227,74.992
Iraq,2018,0.66,5646.68932074742,71.116
Malaysia,2018,0.85,10901.8019954421,75.734
Oman,2018,0.95,19901.7615642016,79.864
Tajikistan,2018,0.86,834.288404578801,70.737
Madagascar,2018,1.01,500.45718552916,63.491
Kiribati,2018,1.04,1912.73809378187,65.807
Togo,2018,1.12,851.120561233595,60.608
Qatar,2018,1.13,71039.9308240078,82.714
Singapore,2018,1.48,66881.6067035265,83.2975609756098
Malawi,2018,1.54,533.202567189331,64.464
Bahrain,2018,1.58,26324.4066549559,80.412
Solomon Islands,2018,1.55,2278.19908624102,69.806
Guatemala,2018,1.72,4352.94593289707,71.496
Papua New Guinea,2018,1.75,2566.36833735041,65.114
Lebanon,2018,1.72,9174.53666204759,78.263
Maldives,2018,1.82,11423.2838427029,79.433
Nepal,2018,1.89,1179.19843190389,69.036
Canada,2018,9.98,46539.1761570405,81.8036585365854
Barbados,2018,10.22,21381.2426303209,76.378
Belarus,2018,10.45,6360.037502312,74.1756097560976
Russia,2018,10.72,11211.8876953125,72.6621951219512
Croatia,2018,10.71,15460.3669595491,77.919512195122
Australia,2018,10.69,57410.1737346009,82.7487804878049
Finland,2018,10.81,49654.2497035329,81.7341463414634
Antigua and Barbuda,2018,11.12,18273.4270684912,77.132
Vietnam,2018,11.19,3222.31003125366,74.1
Slovenia,2018,11.15,25888.0481065655,81.3780487804878
Ireland,2018,11.31,80804.1123164826,82.2048780487805
Spain,2018,11.27,30602.4212881113,83.4317073170732
Portugal,2018,11.36,23541.1401075289,81.3243902439024
Lithuania,2018,11.4,19247.2315367967,75.6804878048781
Namibia,2018,11.5,5308.60813408705,62.579
Luxembourg,2018,11.53,116926.759593905,82.2951219512195
Bulgaria,2018,11.6,9849.38397225174,74.9634146341464
Andorra,2018,11.75,42819.7577456133,84.242
Hungary,2018,11.67,16605.0570511887,76.0658536585366
Austria,2018,11.83,51194.0749841299,81.6926829268293
Germany,2018,11.76,48916.1686612154,80.8926829268293
Poland,2018,11.97,15658.2120316794,77.6024390243903
France,2018,12.19,41418.1766484844,82.6756097560976
Seychelles,2018,12.62,18440.2340460932,72.8414634146341
Burkina Faso,2018,12.73,777.465618514048,59.972
Latvia,2018,13.64,17252.1710428626,74.7829268292683
Czechia,2018,13.77,23705.9329811299,79.0292682926829
Georgia,2018,15.02,4804.0546040444,73.985
Romania,2018,17.22,12416.134317959,75.3585365853659
Azerbaijan,2018,2.02,4739.7943123408,73.016
Tunisia,2018,2.03,3628.10366464236,75.37
Mozambique,2018,2.09,517.507260258101,60.79
Turkey,2018,2.11,9684.11819884721,77.454
Nigeria,2018,2.12,2057.87944554011,52.669
Myanmar,2018,2.18,1298.21310327675,66.232
Central African Republic,2018,2.19,455.243962859534,52.297
Nauru,2018,2.42,11413.7463016389,61.238
Mali,2018,2.5,996.379292136901,58.873
Sri Lanka,2018,2.64,4358.56095906047,76.485
Vanuatu,2018,2.76,3206.65748718811,70.626
Uzbekistan,2018,2.77,1813.08530813664,71.999
Liberia,2018,3.03,692.203127129794,60.999
United Arab Emirates,2018,2.96,47135.3591943971,82.449
Kenya,2018,2.97,1836.45275528993,62.825
Turkmenistan,2018,3.06,6125.05169712085,69.272
Israel,2018,3.13,42362.6652754196,82.8024390243903
Ethiopia,2018,3.23,739.702022272086,65.257
Samoa,2018,3.21,4231.81409469194,71.052
Guinea-Bissau,2018,3.34,808.531613218504,61.652
Honduras,2018,3.26,2464.64241531918,72.001
Ecuador,2018,3.28,6303.91886658338,77.248
El Salvador,2018,3.42,4183.54620971358,71.384
Costa Rica,2018,3.49,12590.2493781614,80.09
Haiti,2018,3.63,1496.38048970156,64.077
Zambia,2018,3.63,1463.89997855593,62.138
Chad,2018,3.75,948.656629871231,52.447
Jamaica,2018,3.95,5976.90362644337,71.606
Colombia,2018,4.12,6816.96818309544,76.579
Cote d'Ivoire,2018,4.27,2130.86619381144,59.795
Fiji,2018,4.26,6085.41979485376,66.965
Nicaragua,2018,4.29,2035.16549390507,73.879
Cabo Verde,2018,4.34,4294.96510035729,74.84
Bhutan,2018,4.44,3400.20417245342,71.711
Burundi,2018,4.38,245.661678332009,61.806
Lesotho,2018,4.44,1170.65569702819,54.638
Ghana,2018,4.55,2195.32166016377,64.138
Dominican Republic,2018,4.71,7882.98221584944,73.555
Kazakhstan,2018,4.79,9472.48527327758,73.369
Trinidad and Tobago,2018,4.85,17571.498737278,72.658
India,2018,4.88,1966.25455171679,70.415
Albania,2018,5.01,5897.65452588774,79.238
North Macedonia,2018,5.08,6713.98925398989,76.6487804878049
Armenia,2018,5.17,4196.00562301769,75.619512195122
Guyana,2018,5.25,6048.38697180418,68.829
Rwanda,2018,5.68,771.773511207309,66.354
Sao Tome and Principe,2018,5.71,1825.59971753966,67.602
China,2018,5.84,10085.6638148819,77.709
Mexico,2018,5.96,10084.7937562021,74.301
Cyprus,2018,6.13,29120.375,81.556
Zimbabwe,2018,6.09,2270.89531874302,60.906
Cambodia,2018,6.13,2036.67377566578,69.993
Uruguay,2018,6.14,19249.9404677501,77.527
Angola,2018,6.15,2860.0936483682,62.622
Cuba,2018,6.23,8911.46205998726,77.426
Philippines,2018,6.17,3168.51036609727,69.761
Paraguay,2018,6.32,6258.44991640984,73.627
Suriname,2018,6.39,6665.74180472239,71.468
Equatorial Guinea,2018,6.42,8102.47084834031,61.915
Bosnia and Herzegovina,2018,6.49,6047.84707207392,77.942
Belize,2018,6.47,6011.99036888587,72.322
Botswana,2018,6.53,7407.95940141786,66.371
Uganda,2018,6.56,792.16570022814,65.775
Japan,2018,6.64,39751.1330982711,84.2109756097561
Norway,2018,6.67,82792.8427113304,82.7585365853659
Chile,2018,6.84,15659.4808675628,80.559
Eswatini,2018,7.09,3972.65450620357,58.707
Gabon,2018,7.11,7624.2775233771,67.043
Cameroon,2018,7.2,1610.69641591017,61.189
Panama,2018,7.15,16151.3273433486,78.266
Benin,2018,7.28,1151.7409703472,59.71
Greece,2018,7.29,19873.4015238771,81.7878048780488
Dominica,2018,7.43,9215.3085405645,71.378
Iceland,2018,7.49,75633.8651351915,82.8609756097561
Peru,2018,7.6,6978.49121548627,76.018
Malta,2018,7.78,33382.2677499267,82.2487804878049
Thailand,2018,7.84,7099.77650081458,77.19
Mongolia,2018,8.04,4107.64288528468,70.8270731707317
Argentina,2018,8.04,11752.7998922979,76.77
Estonia,2018,8.17,23618.1361254581,78.2439024390244
Mauritius,2018,8.17,11818.7480619272,74.4163414634146
Grenada,2018,8.22,10083.021279225,74.957
Italy,2018,8.26,34904.1081923834,83.3463414634146
South Africa,2018,8.45,6914.1780318076,65.726
Ukraine,2018,8.74,3059.0517578125,73.569
Montenegro,2018,9.23,8673.59128084795,77.8853658536585
New Zealand,2018,9.33,43257.0769238879,81.7073170731707
Switzerland,2018,9.29,85217.3691512274,83.7536585365854
United States,2018,9.35,62499.8744390068,78.6390243902439
Sweden,2018,9.39,54018.4554391861,82.5585365853659
Serbia,2018,9.43,7559.86165747394,75.890243902439
Denmark,2018,9.67,61324.7665045565,80.9536585365854
Brazil,2018,9.81,9300.66072904004,75.633
Belgium,2018,9.91,47487.2100392561,81.5951219512195
Sudan,2017,0.001,966.505676269531,65.146
Afghanistan,2017,0.014,525.469770891619,62.406
Bangladesh,2017,0.005,1811.08221668646,71.606
Libya,2017,0.007,9965.83236729757,72.721
Mauritania,2017,0.018,1615.00401327323,67.088
Indonesia,2017,0.11,3798.88326174526,69.953
Kuwait,2017,0.095,29047.6536135703,79.9160731707317
Pakistan,2017,0.1,1519.23459514248,66.223
Niger,2017,0.15,521.804130023434,59.524
Syrian Arab Republic,2017,0.23,851.502005254153,65.651
Sierra Leone,2017,0.25,779.186007841728,57.761
Comoros,2017,0.25,1423.9248027797,65.127
Tonga,2017,0.32,4365.92932788383,72.066
Jordan,2017,0.34,4065.61628749384,76.071
Djibouti,2017,0.36,2618.95521147369,63.71
Senegal,2017,0.42,1356.80518449031,67.059
Guinea,2017,0.45,833.598621691121,58.715
Algeria,2017,0.53,4554.66753957828,75.431
Morocco,2017,0.48,3296.52661132813,73.608
Iraq,2017,0.67,4759.2846435467,69.788
Timor-Leste,2017,0.68,1266.17771143471,65.898
Brunei Darussalam,2017,0.71,28024.3824580252,74.943
Malaysia,2017,0.84,9862.54806612235,75.542
Oman,2017,0.92,17820.0661809335,79.748
Tajikistan,2017,0.89,829.45714764957,70.524
Tuvalu,2017,1.02,4165.66338700106,65.683
Madagascar,2017,1.02,491.866848718929,63.433
Qatar,2017,1.13,63279.8767486216,82.458
Togo,2017,1.18,792.765700965864,60.145
Kiribati,2017,1.25,1853.05122713319,65.787
Singapore,2017,1.46,61236.251270627,83.0951219512195
Bahrain,2017,1.61,24784.7693514607,80.407
Solomon Islands,2017,1.59,2143.57670489272,69.652
Maldives,2017,1.73,10509.628805812,79.228
Azerbaijan,2017,1.69,4147.1981423222,72.694
Lebanon,2017,1.67,8608.21084982387,78.192
Malawi,2017,1.69,495.769683367165,63.914
Guatemala,2017,1.7,4324.99768915601,71.583
Nepal,2017,1.76,1034.28374906846,68.74
Papua New Guinea,2017,1.8,2477.76530986323,64.923
Canada,2017,10.0,45129.628116623,81.8078048780488
Belgium,2017,10.02,44035.3239358548,81.4926829268293
Belarus,2017,10.19,5785.54491935194,74.1292682926829
Barbados,2017,10.27,20284.5762052461,76.237
Croatia,2017,10.59,13901.7878144679,77.7268292682927
Antigua and Barbuda,2017,10.71,16965.7288273816,77.03
Australia,2017,10.71,54117.547718609,82.5
Russia,2017,10.92,10658.9130859375,72.4514634146342
Slovenia,2017,11.0,23303.077705959,81.0292682926829
Portugal,2017,11.01,21442.3842768879,81.4243902439025
Finland,2017,11.07,46085.0174739036,81.6317073170732
Vietnam,2017,11.21,2956.10992127753,74.026
Spain,2017,11.34,28381.3425596906,83.2829268292683
Ireland,2017,11.47,72161.4047531385,82.1560975609756
Bulgaria,2017,11.62,8696.68930427924,74.8146341463415
Luxembourg,2017,11.64,110193.213797228,82.0951219512195
Andorra,2017,11.83,40672.9717424447,84.359
Lithuania,2017,11.83,16800.1510246099,75.4804878048781
Poland,2017,11.83,13913.3402919927,77.7536585365854
Namibia,2017,11.76,5143.96072323076,61.661
Austria,2017,11.77,47163.7425775142,81.6439024390244
Hungary,2017,11.87,14736.1668157258,75.8170731707317
Germany,2017,11.92,45553.9341495339,80.9926829268293
France,2017,12.3,38687.1626407164,82.5756097560976
Latvia,2017,13.23,15132.4958333982,74.6292682926829
Seychelles,2017,13.23,17480.3651911372,74.3
Czechia,2017,13.73,20913.197632212,78.9780487804878
Georgia,2017,14.63,4418.75206546679,73.435
Burkina Faso,2017,15.45,709.091535894695,59.578
Romania,2017,17.1,10727.9822007426,75.209756097561
Mozambique,2017,2.03,470.93856305196,60.148
Myanmar,2017,1.97,1272.82241815234,65.909
Tunisia,2017,2.03,3619.03247319953,75.177
Nigeria,2017,2.1,1876.34027111773,52.397
Turkey,2017,2.13,10756.3877677883,77.037
Central African Republic,2017,2.24,432.324025684263,45.231
Nauru,2017,2.44,9656.97976571484,61.101
Vanuatu,2017,2.54,3159.86055790126,70.5
Sri Lanka,2017,2.65,4398.88828068715,76.239
United Arab Emirates,2017,2.71,43733.6192287435,82.388
Uzbekistan,2017,2.76,2190.60411562888,71.737
Liberia,2017,2.85,699.269095727404,60.777
Ethiopia,2017,2.95,696.348429076216,64.766
Kenya,2017,2.94,1667.48447230835,62.725
Turkmenistan,2017,3.11,5828.4816623489,69.19
Israel,2017,3.12,41138.470964272,82.5512195121951
Honduras,2017,3.15,2413.0076562942,71.805
Guinea-Bissau,2017,3.22,783.123186602022,61.148
Samoa,2017,3.24,4307.59381964907,70.991
El Salvador,2017,3.27,4020.12671373919,71.007
Ecuador,2017,3.33,6233.32244797718,76.22
Mali,2017,3.43,924.057531692284,58.562
Costa Rica,2017,3.6,12317.0902771304,79.994
Zambia,2017,3.71,1483.46577328065,61.564
Haiti,2017,3.68,1395.23945184461,63.832
Jamaica,2017,3.89,5605.43541173019,71.879
Fiji,2017,4.04,5826.84814459328,67.06
Chad,2017,4.09,854.46120040098,51.875
Lesotho,2017,4.1,1069.36673247542,53.874
Cote d'Ivoire,2017,4.16,1964.29930338343,59.315
Colombia,2017,4.15,6479.53231292429,76.418
Bhutan,2017,4.44,3435.28804735662,71.413
Burundi,2017,4.44,246.060725714184,61.345
Nicaragua,2017,4.36,2182.61380995674,73.389
Ghana,2017,4.49,2012.28662641265,63.829
Cabo Verde,2017,4.46,3893.09571382506,74.71
Dominican Republic,2017,4.63,7412.71571571512,73.37
Kazakhstan,2017,4.75,8943.08416791984,72.996
India,2017,4.84,1950.10468280866,70.068
Trinidad and Tobago,2017,4.88,17566.0999700656,72.984
Albania,2017,5.02,5006.36012951959,78.9
Armenia,2017,5.02,3869.05373867752,75.2170731707317
Cambodia,2017,5.27,1826.35391688754,69.842
North Macedonia,2017,5.27,5955.2973863451,75.9536585365854
Guyana,2017,5.4,6178.6650437298,68.543
Rwanda,2017,5.46,758.300966509647,66.14
Sao Tome and Principe,2017,5.69,1555.79477812888,67.074
Mexico,2017,5.77,9649.27816772402,74.261
Philippines,2017,6.02,3038.12124959289,69.966
Cyprus,2017,6.12,26247.44921875,81.543
Zimbabwe,2017,6.08,3445.44941020134,60.263
Suriname,2017,6.11,6049.52128553675,71.247
Cuba,2017,6.16,8610.60829605429,77.3
Uruguay,2017,6.19,19184.6502617082,77.618
Paraguay,2017,6.24,6152.2671153779,73.45
Botswana,2017,6.26,7104.96401088027,65.42
Bosnia and Herzegovina,2017,6.52,5345.01978766473,77.385
Cameroon,2017,6.62,1496.08951771242,60.817
Chile,2017,6.58,14879.9086227187,80.61
Equatorial Guinea,2017,6.63,7809.10465655488,61.481
Uganda,2017,6.69,765.218332297361,65.174
Belize,2017,6.72,6071.85451846453,72.062
China,2017,6.68,8979.67652709856,77.235
Angola,2017,6.65,2790.71886869768,62.122
Norway,2017,6.67,76131.8384032764,82.609756097561
Japan,2017,6.68,38834.0529341227,84.099756097561
Eswatini,2017,7.03,3853.09956569679,57.574
Panama,2017,7.06,15694.6297518495,77.901
Dominica,2017,7.34,8224.64896571414,68.62
Greece,2017,7.37,18631.9930129293,81.2878048780488
Benin,2017,7.55,1054.97408066814,59.528
Iceland,2017,7.5,72976.3729990975,82.6609756097561
Gabon,2017,7.54,6921.73373135624,66.816
Peru,2017,7.67,6736.16693725487,75.958
Thailand,2017,7.94,6413.09182530343,76.989
Malta,2017,7.96,30317.2443175543,82.1951219512195
Italy,2017,8.01,32844.115660604,82.9463414634147
Mauritius,2017,8.21,10986.7034093005,74.5146341463415
Grenada,2017,8.16,9751.42661155932,74.977
Argentina,2017,8.34,14532.5009308511,76.543
South Africa,2017,8.41,6618.33508255701,65.422
Mongolia,2017,8.58,3645.96708669551,70.5434146341463
Ukraine,2017,8.76,2604.28759765625,73.993
Estonia,2017,8.98,20851.5223496861,78.0926829268293
Montenegro,2017,9.15,7674.2813940676,76.6853658536585
Switzerland,2017,9.34,82254.3769269767,83.5512195121951
United States,2017,9.33,59635.0984397965,78.5390243902439
Sweden,2017,9.44,53210.2233318965,82.409756097561
New Zealand,2017,9.38,42950.3841711138,81.8585365853659
Serbia,2017,9.37,6548.03653824187,75.5390243902439
Brazil,2017,9.75,10080.5078722821,75.383
Denmark,2017,9.82,57521.5514992225,81.1024390243903
Bangladesh,2016,0.005,1649.28380858601,71.075
Sudan,2016,0.0009,1033.21594238281,64.677
Afghanistan,2016,0.016,522.082215583898,62.646
Libya,2016,0.008,7525.80299308216,71.799
Mauritania,2016,0.016,1565.76575722696,66.823
Indonesia,2016,0.11,3521.46943457574,69.733
Kuwait,2016,0.1,27323.6890735517,79.6775853658537
Pakistan,2016,0.098,1424.69161195897,65.943
Niger,2016,0.17,502.706475406446,59.228
Comoros,2016,0.23,1365.48403444497,64.792
Sierra Leone,2016,0.27,844.416411175476,56.937
Syrian Arab Republic,2016,0.28,656.3490586313,65.19
Tonga,2016,0.32,3987.98626206287,71.951
Jordan,2016,0.35,3986.71677010853,75.55
Djibouti,2016,0.39,2510.4300076241,63.335
Morocco,2016,0.44,3140.85546875,73.228
Senegal,2016,0.4,1266.43957151587,66.724
Guinea,2016,0.47,711.996509782316,58.49
Algeria,2016,0.52,4424.98529027556,75.31
Brunei Darussalam,2016,0.71,26663.2972950602,74.905
Iraq,2016,0.68,4334.42096404188,68.683
Malaysia,2016,0.82,9476.53409809923,75.371
Timor-Leste,2016,0.83,1335.54391073349,65.61
Oman,2016,0.9,17110.1897460545,79.581
Tajikistan,2016,0.91,788.710481734485,69.982
Madagascar,2016,1.0,453.970714522463,63.431
Qatar,2016,1.16,61253.6217997091,82.147
Togo,2016,1.28,772.581357620609,59.677
Singapore,2016,1.45,57005.5887176547,82.8463414634146
Solomon Islands,2016,1.46,2082.62383124213,69.501
Azerbaijan,2016,1.57,3880.6852276838,72.568
Kiribati,2016,1.59,1742.66799324117,65.799
Lebanon,2016,1.6,8089.012088155,78.306
Maldives,2016,1.72,9947.80744731739,78.913
Guatemala,2016,1.69,4060.13784737643,71.215
Tuvalu,2016,1.73,3808.69755015909,65.51
Malawi,2016,1.73,450.506105510719,63.163
Bahrain,2016,1.77,23800.001440631,80.407
Nepal,2016,1.76,877.256454696737,68.444
Myanmar,2016,1.81,1229.19713491328,65.64
Papua New Guinea,2016,1.88,2316.39479758492,64.7
Mozambique,2016,1.94,441.489734819071,59.455
Antigua and Barbuda,2016,9.97,16556.8551801588,76.968
Canada,2016,10.05,42314.0615817218,81.94
Belarus,2016,10.14,5039.77560949445,73.8268292682927
Estonia,2016,10.18,18666.3736521706,77.6414634146342
Barbados,2016,10.18,20295.5672072046,76.168
Belgium,2016,10.39,41854.5498296444,81.4390243902439
Croatia,2016,10.62,12820.1653893008,77.9219512195122
Australia,2016,10.65,50084.4440606385,82.4487804878049
Portugal,2016,11.04,19980.2808866516,81.1243902439025
Vietnam,2016,11.08,2735.0604380416,73.984
Russia,2016,11.21,8663.158203125,71.6512195121951
Finland,2016,11.22,43451.2562442158,81.4292682926829
Bulgaria,2016,11.4,7822.49923292968,74.8121951219512
Ireland,2016,11.38,64129.5571542383,81.6536585365854
Spain,2016,11.36,26755.6061149398,83.3292682926829
Slovenia,2016,11.53,21447.8377796036,81.1756097560976
Luxembourg,2016,11.68,106899.293549552,82.6853658536585
Austria,2016,11.7,45061.4993920192,81.6414634146342
Hungary,2016,11.76,13215.8605277789,76.0634146341464
Poland,2016,11.81,12464.0110508476,77.8512195121951
Germany,2016,11.93,42948.9381932694,80.990243902439
Andorra,2016,11.9,40129.8385811474,84.489
Namibia,2016,12.39,4395.68776162376,60.81
France,2016,12.41,37024.2157133669,82.5731707317073
Lithuania,2016,12.48,14934.2702840428,74.6707317073171
Latvia,2016,12.91,13838.5266823272,74.580487804878
Seychelles,2016,13.71,16566.9946042294,74.309756097561
Czechia,2016,13.66,18753.9686718096,79.0268292682927
Georgia,2016,14.65,4143.40125686315,73.136
Burkina Faso,2016,15.63,663.742364842886,59.173
Romania,2016,16.89,9404.54005870715,75.209756097561
Tunisia,2016,2.06,3847.80354448809,75.007
Nigeria,2016,2.09,2070.4127339595,52.189
Turkey,2016,2.09,10984.3643169061,76.595
United Arab Emirates,2016,2.14,42721.0999383185,82.195
Central African Republic,2016,2.25,387.176203444318,50.999
Vanuatu,2016,2.37,2956.12644801489,70.397
Nauru,2016,2.44,8748.15632605428,60.996
Ethiopia,2016,2.73,641.651523286233,64.162
Sri Lanka,2016,2.68,4149.19190775593,76.136
Liberia,2016,2.83,714.613063145659,60.483
Uzbekistan,2016,2.8,2753.37951427589,71.58
Kenya,2016,2.94,1554.12610314423,62.526
Honduras,2016,3.02,2307.34468351082,71.615
Samoa,2016,3.13,4147.07097674888,71.003
El Salvador,2016,3.13,3901.34014965811,70.908
Israel,2016,3.08,37671.5389138798,82.4073170731707
Guinea-Bissau,2016,3.16,679.665386626818,60.619
Turkmenistan,2016,3.22,5686.98040962764,69.142
Lesotho,2016,3.41,992.491840678465,52.908
Mali,2016,3.53,872.468587171653,58.286
Haiti,2016,3.55,1318.40268167953,63.325
Ecuador,2016,3.57,5917.63771271481,76.094
Costa Rica,2016,3.57,12091.0301606154,79.988
Zambia,2016,3.65,1239.08527877713,61.129
Fiji,2016,3.72,5363.79026679243,66.657
Jamaica,2016,3.79,5302.29553353854,72.052
Cote d'Ivoire,2016,4.07,1862.59597081287,58.814
Colombia,2016,4.13,5959.84250367574,76.228
Nicaragua,2016,4.34,2131.68704828322,73.18
Chad,2016,4.39,861.831767630746,51.603
Cabo Verde,2016,4.36,3608.96605234906,74.35
Bhutan,2016,4.45,3152.30905106786,71.119
Burundi,2016,4.39,232.937812100153,60.789
Kazakhstan,2016,4.45,7475.56688689424,72.549
Ghana,2016,4.61,1912.47991339951,63.522
Dominican Republic,2016,4.66,7160.44200982307,72.889
Cambodia,2016,4.69,1675.19555711109,69.635
India,2016,4.85,1707.50892912243,69.709
Armenia,2016,5.01,3524.42476874707,74.8682926829268
Albania,2016,5.04,4457.63412207495,78.643
Trinidad and Tobago,2016,5.02,17449.1538801956,72.935
Rwanda,2016,5.39,729.519133812945,65.733
North Macedonia,2016,5.53,5598.48622617967,75.4
Guyana,2016,5.58,5870.87823759835,68.069
Mexico,2016,5.61,9097.92397674769,74.376
Suriname,2016,5.69,5644.2061057532,70.979
Sao Tome and Principe,2016,5.94,1434.87018050521,66.563
Philippines,2016,5.87,2985.19564024046,69.49
Botswana,2016,5.95,6749.05994339013,64.32
Cyprus,2016,5.98,24280.056640625,81.534
Cuba,2016,6.13,8110.55874283616,77.571
Paraguay,2016,6.12,5775.15963399596,73.487
Zimbabwe,2016,6.2,1408.13945253431,59.76
Bosnia and Herzegovina,2016,6.34,4928.5665903114,77.124
Uruguay,2016,6.34,17009.7584207276,77.351
Cameroon,2016,6.64,1441.7201725688,60.293
Eswatini,2016,6.64,3238.17611961364,56.228
Norway,2016,6.67,70867.3609970749,82.4073170731707
Japan,2016,6.71,39375.4731620781,83.9848780487805
Panama,2016,7.03,14832.3611652459,77.772
Angola,2016,7.01,2051.81462126253,61.619
Belize,2016,7.0,6140.86713919469,71.843
Chile,2016,7.11,13649.8520452803,80.295
Uganda,2016,7.2,752.696571725656,64.494
Equatorial Guinea,2016,7.23,7453.19797948517,61.081
China,2016,7.35,8254.86859320357,77.214
Greece,2016,7.44,17919.2426377048,81.3878048780488
Dominica,2016,7.48,8802.56172041363,71.189
Iceland,2016,7.6,62854.0906407932,82.2048780487805
Peru,2016,7.64,6217.03599995447,75.951
Italy,2016,7.74,31391.5692898108,83.2439024390244
Benin,2016,7.79,1010.5338961993,59.283
Malta,2016,7.91,26459.0770929988,82.3536585365854
Mauritius,2016,8.09,10095.1225574156,74.3948780487805
Grenada,2016,8.11,9221.23461079424,75.01
Gabon,2016,8.12,6677.07003901644,66.583
Thailand,2016,8.28,5833.57715617098,76.769
South Africa,2016,8.4,5651.20585165749,64.749
Argentina,2016,8.59,12699.9623137756,76.105
Mongolia,2016,8.79,3619.90026383792,70.2239024390244
Montenegro,2016,8.91,6968.01539365317,76.5414634146342
Ukraine,2016,8.99,2158.46118164063,73.389
Serbia,2016,9.29,5982.37030126471,75.6878048780488
United States,2016,9.29,57638.1018367192,78.5390243902439
New Zealand,2016,9.31,40113.7195382428,81.6585365853659
Sweden,2016,9.45,51703.5088332851,82.3073170731707
Brazil,2016,9.38,8836.28546025694,75.081
Switzerland,2016,9.53,82153.0745447889,83.6024390243903
Denmark,2016,9.86,54500.9260410217,80.8536585365854
Afghanistan,2015,0.019,565.569730408751,62.27
Bangladesh,2015,0.005,1224.38647668165,70.543
Libya,2015,0.016,7458.48917756374,71.644
Mauritania,2015,0.014,1554.94897871782,66.498
Indonesia,2015,0.11,3288.22269725538,69.52
Pakistan,2015,0.094,1380.47020838317,65.641
Kuwait,2015,0.11,29882.2126495698,79.3765609756098
Sudan,2015,0.12,1292.37963867188,64.375
Comoros,2015,0.21,1329.37048235986,64.473
Niger,2015,0.18,485.662574175279,58.85
Sierra Leone,2015,0.31,964.575980888989,55.454
Tonga,2015,0.29,4123.90323993332,71.851
Syrian Arab Republic,2015,0.32,847.731631942565,63.265
Senegal,2015,0.38,1218.00613555438,66.451
Jordan,2015,0.39,4042.75678097555,75.06
Djibouti,2015,0.43,2376.12554719873,62.833
Morocco,2015,0.44,3146.24780273438,72.894
Guinea,2015,0.47,747.356966759448,57.899
Algeria,2015,0.53,4685.05902729002,75.159
Iraq,2015,0.66,4440.14189252367,69.977
Brunei Darussalam,2015,0.71,30625.1287744656,74.88
Malaysia,2015,0.75,9648.6797937523,75.288
Solomon Islands,2015,0.82,2045.47721526649,69.323
Timor-Leste,2015,0.8,1319.59295003154,65.326
South Sudan,2015,0.81,1080.14718624765,39.757
Oman,2015,0.86,18808.3077921839,79.346
Tajikistan,2015,0.9,956.916310930656,69.665
Madagascar,2015,1.01,445.320069480568,63.362
Qatar,2015,1.16,68985.2433380102,81.785
Togo,2015,1.35,751.051987587248,59.23
Singapore,2015,1.47,55645.6068614606,82.7439024390244
Azerbaijan,2015,1.54,5500.50364628486,72.349
Lebanon,2015,1.54,7714.1099998804,78.275
Kiribati,2015,1.6,1639.85274740652,65.831
Nepal,2015,1.58,875.543635474862,67.374
Maldives,2015,1.74,9644.90655028145,78.607
Papua New Guinea,2015,1.68,2484.5963398603,64.473
Guatemala,2015,1.72,3893.50533299068,70.915
Myanmar,2015,1.66,1166.73305547935,65.288
Malawi,2015,1.84,539.605363240686,62.324
Mozambique,2015,1.82,610.563774706589,58.711
Bahrain,2015,1.94,23734.0551143019,80.338
Canada,2015,10.02,43594.1941045394,81.8258536585366
Denmark,2015,9.97,53094.0133607574,80.7024390243902
Spain,2015,10.39,25982.4416197775,82.8317073170732
Australia,2015,10.49,56970.3613028094,82.4
Vietnam,2015,10.71,2577.56885340113,73.955
Croatia,2015,10.69,12283.7840620053,77.2756097560976
Belarus,2015,10.66,5967.05595058777,73.6243902439025
Belgium,2015,10.81,40893.804537772,80.9926829268293
Estonia,2015,11.03,17722.1557669523,77.590243902439
Portugal,2015,10.97,19215.7813014347,81.1243902439025
Bulgaria,2015,11.14,7268.65445473873,74.6146341463415
Ireland,2015,11.38,64250.1385181257,81.4536585365854
Finland,2015,11.47,42560.3456767103,81.4804878048781
Andorra,2015,11.46,38654.95287916,84.532
Russia,2015,11.74,9277.7138671875,71.1834146341463
Luxembourg,2015,11.74,105462.012584423,82.2926829268293
Hungary,2015,11.81,12782.9412577973,75.5682926829269
Slovenia,2015,11.82,20697.2748530619,80.7756097560976
Poland,2015,11.8,12637.5220324406,77.4512195121951
Austria,2015,11.93,43915.228020857,81.190243902439
Germany,2015,12.0,41929.7549110722,80.6414634146341
Latvia,2015,12.53,13321.9753140616,74.4804878048781
Namibia,2015,12.48,4774.10650865775,60.008
France,2015,12.5,36702.4323733379,82.3219512195122
Seychelles,2015,13.1,15333.1051727105,74.2951219512195
Lithuania,2015,13.56,14269.8039878287,74.3219512195122
Czechia,2015,13.68,17931.5987670768,78.5780487804878
Georgia,2015,14.93,4086.6223465965,73.241
Burkina Faso,2015,16.25,630.124750752312,58.778
Romania,2015,16.85,8977.01748158196,74.9121951219512
United Arab Emirates,2015,1.97,44910.334995523,82.076
Tunisia,2015,2.04,4014.94773686432,74.875
Turkey,2015,2.12,11064.6494504662,76.539
Vanuatu,2015,2.09,2854.89412272653,70.163
Central African Republic,2015,2.2,366.322853938121,51.934
Nigeria,2015,2.35,2585.73360671797,51.939
Tuvalu,2015,2.44,3357.83417700071,65.365
Nauru,2015,2.44,7747.25584993607,60.897
Ethiopia,2015,2.51,597.912113218663,63.592
Sri Lanka,2015,2.64,4057.7158346231,75.99
Uzbekistan,2015,2.7,2803.19018021751,71.33
Liberia,2015,2.76,692.590082351257,59.248
Kenya,2015,2.85,1489.11959777284,62.279
Honduras,2015,2.94,2271.20265980349,71.323
Guinea-Bissau,2015,3.03,645.066837207039,60.071
Israel,2015,3.03,36213.1041481958,82.0512195121951
El Salvador,2015,2.99,3790.34089108162,70.952
Samoa,2015,3.07,4084.36083819933,71.06
Fiji,2015,3.18,5097.53106864695,66.48
Lesotho,2015,3.23,1121.19851342518,51.83
Turkmenistan,2015,3.26,5759.497903834,69.061
Haiti,2015,3.39,1411.12684746796,63.224
Costa Rica,2015,3.55,11714.7105980732,80.407
Mali,2015,3.62,838.11986940103,57.852
Zambia,2015,3.63,1295.87788680068,60.728
Jamaica,2015,3.71,5339.30718256806,72.214
Ecuador,2015,3.89,5976.1596805651,76.222
Cote d'Ivoire,2015,3.94,1814.71855088017,58.281
Cabo Verde,2015,4.07,3415.06266730931,74.096
Colombia,2015,4.12,6248.51490534512,76.067
Cambodia,2015,4.17,1547.32010444393,69.398
Nicaragua,2015,4.24,2074.45620634731,72.899
Bhutan,2015,4.45,2954.04081911097,70.797
Burundi,2015,4.35,254.402585226788,60.107
Kazakhstan,2015,4.41,10196.1226255982,72.024
Chad,2015,4.61,993.990730610869,51.32
Dominican Republic,2015,4.79,6800.95309395474,72.982
Ghana,2015,4.92,1722.77282833606,63.175
India,2015,4.95,1583.99815907985,69.326
Albania,2015,4.96,4199.53912925398,78.358
Armenia,2015,5.07,3512.39350276709,74.8707317073171
Rwanda,2015,5.24,733.998629882494,65.419
Trinidad and Tobago,2015,5.17,19887.2327716498,72.882
Mexico,2015,5.37,10021.2386118827,74.431
Suriname,2015,5.58,8813.61705392067,70.567
North Macedonia,2015,5.59,5262.68671928674,75.4024390243902
Philippines,2015,5.83,2909.85818010301,69.45
Guyana,2015,5.8,5640.41560569466,67.719
Botswana,2015,5.82,6141.20394726616,63.215
Cyprus,2015,5.88,23088.44140625,81.464
Cuba,2015,6.08,7727.91997207998,77.745
Bosnia and Herzegovina,2015,6.08,4662.25869219448,77.073
Paraguay,2015,6.09,5879.33792308762,73.454
Zimbabwe,2015,6.51,1387.12632595026,58.989
Uruguay,2015,6.51,17125.9016800298,77.285
Sao Tome and Principe,2015,6.56,1298.10946596396,66.023
Eswatini,2015,6.63,3419.82276559528,54.941
Norway,2015,6.69,74809.9658049898,82.3048780487805
Japan,2015,6.68,34960.6393843385,83.7939024390244
Cameroon,2015,6.85,1415.00009710569,59.687
Panama,2015,6.93,14082.6548434996,77.583
Belize,2015,7.22,6154.62264230369,71.647
China,2015,7.53,8175.33285077393,76.975
Iceland,2015,7.53,53505.6964079339,82.4682926829268
Dominica,2015,7.51,8282.59874702141,69.968
Greece,2015,7.58,17980.7298238137,81.0365853658537
Peru,2015,7.6,6231.71150338894,75.732
Uganda,2015,7.68,862.934610355811,63.831
Malta,2015,7.66,25529.6813337717,81.7975609756098
Italy,2015,7.74,30639.8829751432,82.5439024390244
Angola,2015,7.76,3641.72893919944,61.042
Mauritius,2015,7.95,9630.5437837507,74.3531707317073
Chile,2015,7.86,13433.9202987032,80.008
Equatorial Guinea,2015,7.96,9068.91003238645,60.635
Benin,2015,8.03,1002.41886879614,59.123
Grenada,2015,8.05,8694.12438005692,75.037
Thailand,2015,8.16,5688.85335397884,76.563
South Africa,2015,8.44,6112.27382485974,64.053
Argentina,2015,8.56,13679.6264980954,76.6
Gabon,2015,8.59,7047.12654634355,66.336
Montenegro,2015,8.91,6421.00307345999,76.6024390243903
United States,2015,9.26,56572.9188996063,78.690243902439
Serbia,2015,9.34,5820.3215576888,75.2878048780488
Antigua and Barbuda,2015,9.35,16077.6340769406,76.892
Brazil,2015,9.37,8936.1955889444,75.106
New Zealand,2015,9.37,38665.3723018158,81.6124390243903
Sweden,2015,9.54,51188.1652120493,82.2048780487805
Switzerland,2015,9.65,83806.4476003837,82.8975609756098
Ukraine,2015,9.84,2094.47387695313,72.686
Mongolia,2015,9.84,3838.92126989984,70.810243902439
Barbados,2015,9.88,20424.2087530019,76.055
Bangladesh,2014,0.005,1094.46199702838,70.016
Libya,2014,0.016,8926.42074591474,71.3
Mauritania,2014,0.015,1713.00865264234,66.207
Afghanistan,2014,0.022,625.054941813938,62.26
Indonesia,2014,0.11,3441.06808464008,69.292
Pakistan,2014,0.086,1266.61340849959,65.374
Kuwait,2014,0.12,44368.7813457751,79.0803414634146
Sudan,2014,0.12,1275.43835449219,63.99
Niger,2014,0.17,565.30989731175,58.693
Comoros,2014,0.22,1615.71723662012,64.143
Tonga,2014,0.23,4136.59013792529,71.721
Syrian Arab Republic,2014,0.3,1060.59105886854,65.492
Senegal,2014,0.35,1398.89137601382,66.001
Guinea,2014,0.43,765.146999389279,57.581
Jordan,2014,0.42,4191.18050084986,74.606
Sierra Leone,2014,0.38,1117.7586465721,54.281
Djibouti,2014,0.49,2214.62084142432,62.427
Morocco,2014,0.47,3435.40698242188,72.522
Algeria,2014,0.53,6094.69392314956,74.992
Iraq,2014,0.65,6249.39226978969,69.679
Malaysia,2014,0.7,11013.3107334403,75.345
Brunei Darussalam,2014,0.71,41026.5084247957,74.862
Solomon Islands,2014,0.71,2164.95289873002,68.984
Timor-Leste,2014,0.78,1224.74956308733,65.027
Oman,2014,0.83,23160.6502252547,79.03
South Sudan,2014,0.87,1242.73450181032,45.625
Tajikistan,2014,0.86,1081.54402932039,69.697
Madagascar,2014,0.97,505.684922503435,63.261
Qatar,2014,1.17,95840.6898934238,81.395
Kiribati,2014,1.34,1736.70535682101,65.869
Togo,2014,1.42,855.584809246574,58.776
Singapore,2014,1.48,57564.8023114977,82.4951219512195
Nepal,2014,1.53,821.455224911731,67.812
Lebanon,2014,1.52,7577.6413302369,78.148
Azerbaijan,2014,1.58,7890.84028062087,71.93
Myanmar,2014,1.56,1293.00042319714,64.994
Papua New Guinea,2014,1.63,2723.17529825196,64.198
Maldives,2014,1.65,8939.07416571472,78.187
Mozambique,2014,1.67,697.142680444123,57.965
Guatemala,2014,1.79,3689.14510410202,70.942
Tunisia,2014,1.95,4458.97895464547,74.784
Vanuatu,2014,1.89,2973.09026493408,70.043
Canada,2014,9.98,50960.8431174661,81.7843902439025
Denmark,2014,9.97,62520.4509747011,80.7
Vietnam,2014,10.4,2546.38464459903,73.886
Australia,2014,10.44,62817.2061751737,82.3
Ukraine,2014,10.81,3054.908203125,71.803
Croatia,2014,10.89,14186.7295493276,77.7243902439024
Portugal,2014,10.97,22120.6850127107,81.1219512195122
Andorra,2014,11.07,44369.6712976777,84.485
Bulgaria,2014,11.07,8069.60005667684,74.4658536585366
Belgium,2014,11.11,47995.7786961339,81.2878048780488
Ireland,2014,11.25,57214.5379785709,81.3487804878049
Mongolia,2014,11.16,4126.23975800524,70.5831707317073
Estonia,2014,11.46,20581.7898991695,77.0341463414634
Belarus,2014,11.58,8341.31809294883,72.9707317073171
Slovenia,2014,11.56,24013.0682060959,81.0780487804878
Hungary,2014,11.65,14352.501883174,75.7634146341463
Luxembourg,2014,11.74,123678.702143275,82.2292682926829
Seychelles,2014,11.7,15188.1902175113,73.2292682926829
Finland,2014,11.76,50073.7760815871,81.1804878048781
Namibia,2014,11.88,5378.32326241205,59.311
Poland,2014,11.94,14262.2841914116,77.6024390243903
Germany,2014,12.03,48959.5991203133,81.090243902439
Austria,2014,12.08,51314.9722616322,81.490243902439
Russia,2014,12.34,14055.47265625,70.7436585365854
Latvia,2014,12.4,15185.814581236,74.1243902439024
France,2014,12.47,43148.0459288416,82.719512195122
Czechia,2014,13.56,20038.4163180257,78.8243902439024
Lithuania,2014,14.41,16446.1647181663,74.5170731707317
Georgia,2014,15.01,4830.33486170249,73.105
Burkina Faso,2014,16.29,764.861675106225,58.331
Romania,2014,16.95,10031.7710755404,74.909756097561
Malawi,2014,1.97,529.5133440206,61.651
Bahrain,2014,2.08,26451.7965647453,80.214
Central African Republic,2014,2.14,409.8504859647,40.265
Turkey,2014,2.16,12209.3862327674,76.452
Ethiopia,2014,2.28,549.986577082588,62.927
Nigeria,2014,2.34,3088.72131316169,51.94
Nauru,2014,2.44,9230.05440328927,60.834
Tuvalu,2014,2.44,3528.85858102782,65.278
Uzbekistan,2014,2.55,2674.9628382103,70.973
Sri Lanka,2014,2.65,3972.04375736464,75.757
Liberia,2014,2.74,706.714490064507,59.21
United Arab Emirates,2014,2.73,52725.2358407934,81.99
Kenya,2014,2.87,1482.81566253497,61.99
El Salvador,2014,2.89,3666.01248913873,71.144
Guinea-Bissau,2014,3.03,652.022501029449,59.476
Honduras,2014,3.0,2179.88171977271,71.032
Fiji,2014,3.06,5293.35676680464,66.581
Israel,2014,3.11,38343.3046626235,82.1536585365854
Samoa,2014,3.21,3982.68080202084,71.142
Lesotho,2014,3.22,1173.5377928819,50.786
Turkmenistan,2014,3.29,7164.14536184006,69.001
Haiti,2014,3.35,1460.18898613914,62.969
Costa Rica,2014,3.44,10911.497878334,80.231
Mali,2014,3.5,947.915033288325,57.482
Cabo Verde,2014,3.57,3985.60706548134,73.788
Zambia,2014,3.59,1707.48573136694,60.109
Cote d'Ivoire,2014,3.75,1991.36539423404,57.772
Jamaica,2014,3.68,4975.11325459872,72.357
Cambodia,2014,3.7,1431.56396469993,69.117
Ecuador,2014,4.1,6405.79979300441,76.141
Colombia,2014,4.09,8187.20824890084,75.95
Nicaragua,2014,4.16,1958.37047579547,72.792
Bhutan,2014,4.45,2849.49998647303,70.504
Kazakhstan,2014,4.44,12427.7094576939,71.415
Burundi,2014,4.45,250.544492155185,59.764
Chad,2014,4.57,1278.78981422494,51.141
Dominican Republic,2014,4.89,6496.45166971142,73.145
Albania,2014,4.93,4793.59751131525,78.029
Ghana,2014,5.01,1949.90832923846,62.832
India,2014,5.0,1553.88396075118,68.932
North Macedonia,2014,5.0,5925.38592218015,75.4512195121951
Rwanda,2014,5.1,724.957526520906,65.088
Armenia,2014,5.05,3852.11800610384,74.8731707317073
Mexico,2014,5.2,11391.3773497683,74.404
Trinidad and Tobago,2014,5.26,21908.3014555644,72.898
Botswana,2014,5.35,7122.36423421503,62.167
Suriname,2014,5.63,9108.18905406764,70.33
Cyprus,2014,5.83,26993.103515625,81.337
Philippines,2014,5.83,2866.83803761407,69.311
Bosnia and Herzegovina,2014,5.9,5206.06573475132,77.089
Guyana,2014,5.93,5472.68820452237,67.334
Cuba,2014,6.01,7146.70459051328,77.825
Paraguay,2014,6.23,6652.25478942461,73.415
Uruguay,2014,6.64,18322.4276767157,77.194
Norway,2014,6.74,97666.6951838749,82.1
Japan,2014,6.72,38475.3952461838,83.5878048780488
Zimbabwe,2014,6.82,1372.91526173161,58.106
Panama,2014,6.94,13213.1989591137,77.365
Eswatini,2014,6.98,3771.07228381938,53.491
Cameroon,2014,7.12,1649.4433905949,59.13
Sao Tome and Principe,2014,7.11,1489.67633417608,65.478
Belize,2014,7.26,6128.12053089077,71.437
Iceland,2014,7.46,55140.364935793,82.8609756097561
Malta,2014,7.48,27424.5765646694,81.8951219512195
China,2014,7.46,7781.06597484974,76.714
Peru,2014,7.71,6667.13410360861,75.26
Dominica,2014,7.69,8131.74876096735,71.189
Mauritius,2014,7.8,10490.3315563853,74.1943902439024
Italy,2014,7.84,36028.3494022349,83.090243902439
Greece,2014,7.91,21474.7257123892,81.3853658536585
Grenada,2014,7.95,7986.33421210788,75.045
Uganda,2014,8.02,896.054795546394,63.057
Thailand,2014,8.1,5801.1978916205,76.279
Chile,2014,8.15,14529.6767206336,79.714
Angola,2014,8.32,5649.68762469139,60.396
Equatorial Guinea,2014,8.37,15548.6624656619,60.228
South Africa,2014,8.45,6856.73137092522,63.184
Benin,2014,8.6,1204.39918670094,59.008
Argentina,2014,8.61,12233.1444119186,76.268
Gabon,2014,8.71,9201.36276648105,66.07
Antigua and Barbuda,2014,9.06,15532.1062063584,76.912
United States,2014,9.24,54973.4207515712,78.8414634146341
Brazil,2014,9.22,12274.9941630213,74.823
Montenegro,2014,9.43,7342.17339453427,76.3390243902439
Barbados,2014,9.49,20192.7084081797,75.926
New Zealand,2014,9.48,44618.266973847,81.4568292682927
Sweden,2014,9.56,59583.4584491714,82.2536585365854
Serbia,2014,9.7,6886.67809068704,75.3365853658537
Spain,2014,9.66,29707.765509467,83.2292682926829
Switzerland,2014,9.83,88724.9909402638,83.1975609756098
Bangladesh,2013,0.004,958.262989798283,69.487
Libya,2013,0.016,11951.7134126011,72.339
Mauritania,2013,0.017,1934.24103064714,65.89
Afghanistan,2013,0.026,637.087099117099,62.188
Indonesia,2013,0.11,3566.60284506078,69.064
Kuwait,2013,0.12,49651.0439275077,78.7418048780488
Pakistan,2013,0.081,1225.4340119198,65.129
Sudan,2013,0.12,1138.62780761719,63.443
Niger,2013,0.17,552.103334363117,58.364
Tonga,2013,0.17,4219.24670113014,71.65
Comoros,2013,0.22,1603.32797107303,63.839
Syrian Arab Republic,2013,0.27,985.892669227054,65.146
Guinea,2013,0.37,748.455020824734,57.459
Senegal,2013,0.36,1379.83196553924,65.638
Sierra Leone,2013,0.4,1117.47183075115,54.051
Jordan,2013,0.47,4311.21916713038,74.282
Algeria,2013,0.53,5979.60138960585,74.809
Morocco,2013,0.5,3379.7431640625,72.117
Djibouti,2013,0.54,2075.94498424748,62.116
Iraq,2013,0.66,6650.35282247395,69.047
Malaysia,2013,0.67,10713.6407638899,75.464
Solomon Islands,2013,0.69,2161.38627543917,69.007
Brunei Darussalam,2013,0.78,44003.0644273461,74.854
Tajikistan,2013,0.8,1028.19704279396,69.579
Timor-Leste,2013,0.76,1204.56843320518,64.719
Oman,2013,0.82,23458.0233840053,78.633
South Sudan,2013,0.84,1650.18943353528,58.285
Madagascar,2013,0.93,515.301589361832,63.161
Kiribati,2013,1.02,1772.08718317132,65.898
Qatar,2013,1.16,103697.062789144,80.974
Togo,2013,1.35,826.542799987227,58.356
Singapore,2013,1.53,56967.4257940383,82.2463414634147
Nepal,2013,1.5,803.269595420477,67.598
Myanmar,2013,1.49,1199.09561597055,64.617
Papua New Guinea,2013,1.55,2560.77458976327,63.927
Maldives,2013,1.64,8236.08177944126,77.847
Azerbaijan,2013,1.58,7875.34536661549,71.485
Mozambique,2013,1.57,686.505672517351,57.189
Lebanon,2013,1.58,8162.37929361396,78.037
Tunisia,2013,1.86,4369.79345826358,74.674
Guatemala,2013,1.87,3444.15802275864,70.878
Vanuatu,2013,1.94,2979.79608084399,69.986
Canada,2013,10.01,52638.1187235237,81.7448780487805
Montenegro,2013,10.05,7102.77882895852,76.490243902439
Serbia,2013,10.11,7040.41812068781,75.1853658536585
Vietnam,2013,10.15,2359.51736472828,73.821
Australia,2013,10.43,68476.6788496118,82.1487804878049
Andorra,2013,10.84,42470.3230369366,84.406
Portugal,2013,10.83,21676.4859642714,80.7219512195122
Mongolia,2013,10.89,4340.14310544449,70.0980487804878
Belgium,2013,11.03,46964.5946777056,80.5878048780488
Seychelles,2013,11.06,14821.2921476077,73.119512195122
Namibia,2013,11.15,5346.62131149967,58.468
Croatia,2013,11.06,14134.9474982889,77.5707317073171
Bulgaria,2013,11.19,7795.98092108928,74.8609756097561
Slovenia,2013,11.43,23236.9655321695,80.3219512195122
Estonia,2013,11.51,19310.3874900757,77.1414634146341
Ukraine,2013,11.63,4129.89697265625,71.474
Ireland,2013,11.57,52537.6108648692,80.9487804878049
Hungary,2013,11.73,13739.4620151401,75.5658536585366
Luxembourg,2013,11.85,120000.140729859,81.8
Poland,2013,11.86,13621.9023794031,77.0
Finland,2013,11.97,49691.0145200739,80.9756097560976
Germany,2013,12.11,47206.8353514242,80.490243902439
Latvia,2013,12.35,14484.4715282132,73.9829268292683
Austria,2013,12.43,50305.3545774973,81.1365853658537
France,2013,12.6,42669.1795111893,82.219512195122
Belarus,2013,12.75,7998.0802045456,72.4707317073171
Russia,2013,13.08,15941.4482421875,70.5787804878049
Czechia,2013,13.59,20260.4954999375,78.1756097560976
Georgia,2013,15.05,4712.00229382665,73.025
Lithuania,2013,15.13,15636.5252586048,73.9146341463415
Burkina Faso,2013,16.14,759.762065168498,57.903
Romania,2013,17.04,9497.67411615237,75.0634146341463
Malawi,2013,2.03,496.947368267313,60.816
Ethiopia,2013,2.08,484.039833104062,62.161
Bahrain,2013,2.21,26989.7601148469,79.998
Central African Republic,2013,2.18,364.36696260838,49.487
Nigeria,2013,2.29,2872.79083379398,51.827
Turkey,2013,2.26,12635.5570016068,76.171
Uzbekistan,2013,2.33,2461.97947403595,70.692
Tuvalu,2013,2.4,3510.21640142483,65.171
Liberia,2013,2.68,710.744570927863,59.992
Sri Lanka,2013,2.71,3739.43181100202,75.546
Fiji,2013,2.8,4572.44377544245,66.545
Nauru,2013,2.79,8974.51886874433,60.701
Kenya,2013,2.84,1370.87885214659,61.729
El Salvador,2013,2.84,3582.26694005169,71.225
Guinea-Bissau,2013,3.03,654.304534409417,58.879
Lesotho,2013,3.04,1151.03735837227,49.547
Honduras,2013,3.07,2081.12843527945,70.765
Haiti,2013,3.22,1457.83221179626,62.624
Turkmenistan,2013,3.25,6599.64529055481,68.968
Israel,2013,3.19,37034.3161080785,82.0560975609756
United Arab Emirates,2013,3.24,53247.2409495441,81.95
Cabo Verde,2013,3.32,3960.97596791345,73.481
Samoa,2013,3.39,4023.5254013825,71.229
Cambodia,2013,3.36,1305.6600972686,68.755
Costa Rica,2013,3.44,10803.2401962173,80.189
Cote d'Ivoire,2013,3.5,1786.15862031324,57.057
Mali,2013,3.48,901.920957644831,57.052
Zambia,2013,3.49,1820.71854827391,59.445
Jamaica,2013,3.6,5124.21301411137,72.435
Burundi,2013,4.15,234.844770150871,59.179
Colombia,2013,4.14,8279.10255642981,75.834
Nicaragua,2013,4.13,1835.43996363715,72.551
Ecuador,2013,4.17,6109.29031510341,75.832
Chad,2013,4.42,1304.88742971475,51.051
Bhutan,2013,4.45,2679.95217201538,70.161
Kazakhstan,2013,4.56,13478.459627612,70.719
North Macedonia,2013,4.77,5626.26115664893,75.4
Albania,2013,4.94,4542.92903556739,77.995
Ghana,2013,4.97,2294.79584693743,62.397
Rwanda,2013,4.97,704.92421851123,64.651
India,2013,5.02,1432.84397512195,68.499
Armenia,2013,5.0,3680.16692158886,74.6219512195122
Botswana,2013,4.95,6666.91219583487,61.217
Dominican Republic,2013,5.06,6136.59429329301,73.038
Mexico,2013,5.08,11216.8008505428,74.289
Trinidad and Tobago,2013,5.28,21304.9777496628,72.785
Cuba,2013,5.88,6828.36428245396,78.028
Bosnia and Herzegovina,2013,5.91,5034.56634817068,77.129
Suriname,2013,5.94,9043.19281529222,70.11
Cyprus,2013,5.97,27764.73046875,81.317
Guyana,2013,6.0,5556.91231156932,66.71
Philippines,2013,6.05,2781.27957677397,69.283
Paraguay,2013,6.45,6435.68342733004,73.292
Uruguay,2013,6.59,18335.2594772322,76.953
Japan,2013,6.74,40898.6478964744,83.3319512195122
Norway,2013,6.82,103553.840134417,81.7512195121951
Eswatini,2013,6.91,3949.94310039907,52.11
Panama,2013,6.89,12273.3224983788,77.129
Zimbabwe,2013,7.06,1362.99498323368,56.842
Cameroon,2013,7.24,1575.92882118897,58.73
Iceland,2013,7.29,50173.3360061057,82.0609756097561
China,2013,7.33,7147.03518622344,76.452
Sao Tome and Principe,2013,7.34,1382.5757842916,64.93
Belize,2013,7.26,5957.34953619006,71.276
Malta,2013,7.39,25415.5566867731,81.7463414634146
Dominica,2013,7.62,7822.21797211398,71.228
Mauritius,2013,7.76,9877.13865958834,74.0170731707317
Peru,2013,7.94,6746.80025696601,74.591
Italy,2013,7.94,35701.6746002376,82.690243902439
Grenada,2013,7.87,7424.80212287327,75.022
Uganda,2013,8.07,818.285427416713,62.353
Greece,2013,8.21,21573.3449762805,81.2853658536585
Thailand,2013,8.17,6018.08244729255,75.96
Chile,2013,8.31,15683.5486369155,79.551
South Africa,2013,8.44,7331.65467384919,62.388
Gabon,2013,8.45,9197.70106323947,65.751
Argentina,2013,8.45,12963.675773326,75.829
Angola,2013,8.75,5688.57916215215,59.705
Equatorial Guinea,2013,8.78,16304.0713196418,59.784
Benin,2013,9.01,1168.92699279226,58.863
Antigua and Barbuda,2013,8.96,15051.5113587425,77.05
Spain,2013,9.09,29228.846559842,83.0780487804878
Barbados,2013,9.25,20410.2065438568,75.816
United States,2013,9.26,53179.0127634561,78.7414634146342
Sweden,2013,9.54,60843.9888799369,81.9560975609756
Brazil,2013,9.55,12458.8903396625,74.609
New Zealand,2013,9.69,43000.4646849189,81.4048780487805
Switzerland,2013,9.95,87304.3305813557,82.7975609756098
Denmark,2013,9.93,61377.5940590412,80.3
Bangladesh,2012,0.004,859.680536375497,68.989
Sudan,2012,0.0002,1019.22210693359,63.427
Libya,2012,0.008,14975.8902795144,72.188
Mauritania,2012,0.017,1859.11733247641,65.808
Afghanistan,2012,0.028,651.417134470046,61.735
Indonesia,2012,0.11,3632.27254030331,68.862
Pakistan,2012,0.079,1204.36475491585,64.883
Kuwait,2012,0.12,52155.2225833921,78.3950243902439
Niger,2012,0.17,528.510104469655,57.987
Comoros,2012,0.22,1490.31511351281,63.463
Tonga,2012,0.32,4384.17058724217,71.546
Guinea,2012,0.34,699.353377212197,57.117
Senegal,2012,0.39,1326.83798848379,65.229
Sierra Leone,2012,0.41,937.504428180231,53.159
Syrian Arab Republic,2012,0.44,1897.66115018696,66.206
Algeria,2012,0.5,6033.64884689543,74.609
Jordan,2012,0.49,4169.50470054618,74.087
Morocco,2012,0.53,3164.17724609375,71.674
Djibouti,2012,0.56,1400.19357858954,61.719
Iraq,2012,0.7,6477.59618450955,68.827
Solomon Islands,2012,0.69,2066.25738638356,68.961
Tajikistan,2012,0.74,952.452819695469,69.13
Malaysia,2012,0.67,10600.5744240026,75.552
Timor-Leste,2012,0.72,1022.61906675901,64.384
South Sudan,2012,0.78,1109.26050083408,58.241
Brunei Darussalam,2012,0.84,46968.5971164922,74.843
Madagascar,2012,0.88,493.511162904211,63.007
Oman,2012,0.87,24642.2978768596,78.187
Kiribati,2012,1.0,1843.55336349889,65.908
Qatar,2012,1.19,108470.387023229,80.499
Togo,2012,1.36,762.39162379069,57.953
Myanmar,2012,1.4,1202.6658960055,64.251
Papua New Guinea,2012,1.39,2635.0873631547,63.639
Mozambique,2012,1.49,685.685748199513,56.46
Singapore,2012,1.57,55547.5553077786,81.9951219512195
Maldives,2012,1.72,7461.29703686309,77.512
Azerbaijan,2012,1.66,7495.86527658099,71.08
Lebanon,2012,1.7,8406.98405608118,77.941
Nepal,2012,1.67,788.202937148377,67.364
Tuvalu,2012,1.68,3598.46163091053,65.079
Tunisia,2012,1.81,4297.26782454273,74.599
Ethiopia,2012,1.93,452.101031885754,61.443
Vanuatu,2012,1.9,3004.78416664293,69.898
Vietnam,2012,9.99,2185.11767654291,73.762
Canada,2012,10.11,52670.3447335415,81.6636585365854
Switzerland,2012,10.12,85836.2076767359,82.6975609756098
Brazil,2012,10.13,12521.7238454434,74.335
Denmark,2012,10.22,58443.7747103968,80.0512195121951
Montenegro,2012,10.39,6552.48071710904,76.3
Seychelles,2012,10.43,12337.1554669388,74.2756097560976
Namibia,2012,10.51,5942.64680978673,57.733
Serbia,2012,10.46,6263.04086072815,74.8365853658537
Australia,2012,10.57,68301.4402512587,82.0463414634146
Belgium,2012,10.9,44874.1709182123,80.3853658536585
Andorra,2012,11.05,41500.5499988288,84.334
Portugal,2012,11.05,20593.4274224109,80.3731707317073
Estonia,2012,11.32,17568.2137969714,76.3268292682927
Slovenia,2012,11.35,22442.1417859955,80.1243902439024
Bulgaria,2012,11.39,7431.95789508871,74.3146341463415
Croatia,2012,11.38,13507.7805260991,77.1682926829268
Poland,2012,11.82,13087.420943321,76.7463414634146
Ireland,2012,11.86,49335.8408099555,80.8463414634146
Hungary,2012,11.88,12950.1594488143,75.0634146341463
Luxembourg,2012,11.92,112584.676270958,81.3926829268293
Ukraine,2012,11.99,3951.34228515625,71.09
Germany,2012,12.1,44718.0159214069,80.5390243902439
Finland,2012,12.25,47551.6740841369,80.6268292682927
Latvia,2012,12.31,13329.3499931271,73.7780487804878
Austria,2012,12.39,48250.4059142637,80.9365853658537
France,2012,12.73,40863.5814412333,81.9682926829268
Czechia,2012,13.53,20014.0354015165,78.0756097560976
Russia,2012,13.67,15401.8515625,70.0721951219512
Belarus,2012,13.78,6953.21591683101,71.9658536585366
Georgia,2012,15.26,4530.69533409431,72.672
Lithuania,2012,15.28,14288.1853493139,73.8634146341464
Burkina Faso,2012,16.72,731.470138867833,57.457
Romania,2012,17.09,8929.95366231474,74.4121951219512
Malawi,2012,2.04,558.46208832772,59.87
Guatemala,2012,1.99,3286.61959336267,70.722
Nigeria,2012,2.0,2633.19734671361,51.688
Uzbekistan,2012,2.07,2307.34649117185,70.411
Central African Republic,2012,2.26,544.395849142785,51.336
Bahrain,2012,2.28,26438.6733230428,79.622
Turkey,2012,2.31,11776.7593362033,75.552
Liberia,2012,2.76,638.368751462083,59.785
El Salvador,2012,2.79,3497.91256915509,71.42
Kenya,2012,2.79,1285.00536171512,61.537
Fiji,2012,2.83,4341.40338748749,65.812
Sri Lanka,2012,2.78,3327.77613691283,75.187
Guinea-Bissau,2012,3.04,635.461653303881,58.27
Haiti,2012,3.1,1361.39396587374,62.273
Cambodia,2012,3.09,1192.80263041673,68.371
Lesotho,2012,3.1,1217.93071228944,48.235
Honduras,2012,3.18,2126.03474686503,70.46
Turkmenistan,2012,3.17,6053.8748468749,68.961
United Arab Emirates,2012,3.22,53141.6124340099,81.913
Israel,2012,3.27,33321.4300881602,81.7048780487805
Cote d'Ivoire,2012,3.32,1546.9460184731,56.57
Zambia,2012,3.33,1710.05061343728,58.704
Cabo Verde,2012,3.43,3736.81517011087,73.315
Nauru,2012,3.4,9842.77032731856,60.533
Mali,2012,3.48,872.506092465564,56.696
Samoa,2012,3.53,3934.60320799981,71.159
Costa Rica,2012,3.48,10126.9991024177,79.925
Jamaica,2012,3.54,5340.83333232158,72.405
Nicaragua,2012,4.07,1784.69836017555,72.435
Chad,2012,4.24,1354.34344701937,50.765
Colombia,2012,4.19,8108.59838244229,75.611
Ecuador,2012,4.24,5634.08393191094,75.486
Bhutan,2012,4.45,2751.2128864294,69.759
Kazakhstan,2012,4.48,12018.7966527993,69.939
Burundi,2012,4.74,231.098787811507,58.501
North Macedonia,2012,4.79,5049.8265386157,74.9024390243903
Rwanda,2012,4.94,706.817269168561,64.189
Ghana,2012,4.95,1543.77524235764,61.995
Armenia,2012,4.91,3511.56399687426,74.119512195122
India,2012,5.0,1429.32199520032,68.076
Botswana,2012,5.03,6595.53845015424,60.384
Mexico,2012,5.14,10744.1335242686,74.128
Dominican Republic,2012,5.26,6013.81965002603,72.817
Albania,2012,5.32,4280.93316338873,78.084
Trinidad and Tobago,2012,5.28,20332.1389531925,72.513
Cuba,2012,5.79,6470.83673392653,78.162
Guyana,2012,5.91,5444.39751913913,66.443
Bosnia and Herzegovina,2012,5.95,4693.78899115381,77.037
Suriname,2012,6.0,8851.24050668908,69.957
Cyprus,2012,6.17,28991.935546875,81.128
Philippines,2012,6.16,2614.61644401308,69.237
Uruguay,2012,6.56,16259.5940814256,76.691
Eswatini,2012,6.63,4224.54789174487,50.714
Paraguay,2012,6.69,5642.16991672846,73.105
Panama,2012,6.81,11064.8063662003,76.877
Japan,2012,6.77,49145.2804308193,83.0960975609756
Norway,2012,6.95,102175.919298374,81.4512195121951
Cameroon,2012,6.99,1449.09874362279,58.17
Zimbabwe,2012,7.02,1239.22709745709,55.386
China,2012,7.08,6405.0574241349,76.2
Malta,2012,7.3,22878.3130866521,80.7463414634146
Iceland,2012,7.32,46594.9869146614,82.9170731707317
Sao Tome and Principe,2012,7.32,1192.0202911189,64.505
Belize,2012,7.27,5732.66519942347,71.134
Dominica,2012,7.54,7528.51001990155,71.391
Italy,2012,7.74,34854.3949441965,82.2390243902439
Mauritius,2012,7.83,9421.52514098225,73.8634146341464
Grenada,2012,7.81,7092.71985352677,74.961
Chile,2012,8.01,15241.9069981119,79.221
Peru,2012,8.11,6519.37852981527,73.979
Thailand,2012,8.09,5725.52802835463,75.59
Gabon,2012,8.33,9296.96587941088,65.438
Uganda,2012,8.36,795.222867553127,61.579
Greece,2012,8.38,21624.346052551,80.6341463414634
Argentina,2012,8.38,12949.717486654,75.802
South Africa,2012,8.42,8076.97678479741,61.737
Angola,2012,8.65,5702.45306277434,58.916
Antigua and Barbuda,2012,8.75,15639.8078114787,77.1
Equatorial Guinea,2012,8.96,17308.5723924575,59.301
Barbados,2012,9.07,20804.1150004694,75.737
United States,2012,9.22,51708.4011556577,78.7414634146342
Benin,2012,9.28,1071.5258366283,58.559
Spain,2012,9.39,28456.4438151477,82.4268292682927
Sweden,2012,9.52,57749.5615420853,81.7048780487805
Mongolia,2012,9.82,4328.89001905655,69.500243902439
New Zealand,2012,9.85,40053.6991536369,81.4073170731707
Bangladesh,2011,0.004,837.336944695647,68.499
Sudan,2011,0.0002,1332.6572265625,63.181
Libya,2011,0.007,7593.8391525702,69.95
Mauritania,2011,0.014,1931.19975525465,65.754
Afghanistan,2011,0.028,606.694676337726,61.25
Indonesia,2011,0.11,3579.46442466152,68.629
Pakistan,2011,0.081,1131.73513834324,64.659
Kuwait,2011,0.13,49169.6063813095,78.052243902439
Niger,2011,0.17,510.75956176268,57.6
Comoros,2011,0.21,1531.43789372951,63.105
Guinea,2011,0.31,636.694958747648,56.778
Sierra Leone,2011,0.35,761.146365577281,52.594
Senegal,2011,0.41,1374.67591873844,64.799
Algeria,2011,0.47,5916.31364364343,74.383
Jordan,2011,0.51,3946.85503855525,73.929
Morocco,2011,0.54,3301.98876953125,71.263
Tonga,2011,0.54,3849.99375750134,71.437
Djibouti,2011,0.56,1306.34552844977,61.337
Timor-Leste,2011,0.62,939.045238884406,64.022
Tajikistan,2011,0.72,833.601978202852,68.698
Brunei Darussalam,2011,0.68,46382.8274255349,74.835
Iraq,2011,0.71,5775.54229080293,68.435
Malaysia,2011,0.65,10217.1068585031,75.488
Syrian Arab Republic,2011,0.72,2952.14349372257,72.259
Solomon Islands,2011,0.72,1924.05795643133,68.824
South Sudan,2011,0.76,1448.98435006408,57.674
Madagascar,2011,0.93,506.163691559309,62.86
Oman,2011,0.92,25188.0074151885,77.74
Kiribati,2011,1.02,1771.12926848792,65.896
Tuvalu,2011,1.08,3636.08139989792,64.96
Qatar,2011,1.2,103261.510293068,79.994
Myanmar,2011,1.27,1213.62898703376,63.859
Papua New Guinea,2011,1.28,2288.37591141234,63.382
Togo,2011,1.37,783.988944671672,57.624
Mozambique,2011,1.42,618.17649286789,55.733
Eritrea,2011,1.46,688.68165957684,64.231
Singapore,2011,1.63,53891.4570264372,81.7439024390244
Nepal,2011,1.67,785.518656222132,67.123
Maldives,2011,1.82,7424.520410971,77.141
Azerbaijan,2011,1.81,7189.81869211976,70.565
Ethiopia,2011,1.78,343.024942351887,60.595
Vanuatu,2011,1.84,3163.1861645138,69.729
Lebanon,2011,1.83,7834.96257108993,77.768
Tunisia,2011,1.82,4420.64772206537,74.471
New Zealand,2011,10.0,38431.7766788499,81.1560975609756
Canada,2011,10.18,52223.8588398531,81.4826829268293
Switzerland,2011,10.22,90476.7589651577,82.6951219512195
Namibia,2011,10.3,5834.7917675794,56.647
Montenegro,2011,10.38,7265.51668681954,76.0829268292683
Brazil,2011,10.42,13396.6263158041,74.047
Denmark,2011,10.48,61809.737898222,79.8
Serbia,2011,10.53,7082.2861666075,74.5365853658537
Estonia,2011,10.78,17555.5455239426,76.2292682926829
Australia,2011,10.76,62799.3895017032,81.8951219512195
Belgium,2011,10.88,47760.8298776546,80.5853658536585
Andorra,2011,11.22,46657.1495384811,84.296
Bulgaria,2011,11.3,7849.58061302818,74.1634146341463
Croatia,2011,11.34,14691.558296292,76.7756097560976
Poland,2011,11.61,13867.6669408192,76.6951219512195
Slovenia,2011,11.62,24940.6284841605,79.9707317073171
Portugal,2011,11.62,23246.5425416481,80.4707317073171
Ukraine,2011,11.72,3656.69799804688,70.711
Hungary,2011,11.87,14211.460557822,74.8585365853659
Luxembourg,2011,12.05,119025.057203467,80.9878048780488
Germany,2011,12.11,47630.9761883572,80.4365853658537
Ireland,2011,12.24,52613.8540355689,80.7463414634146
Latvia,2011,12.27,12902.574053337,73.5756097560976
Finland,2011,12.37,51060.3242589767,80.4707317073171
Austria,2011,12.5,51116.8953522042,80.9829268292683
France,2011,12.95,43929.7840873812,82.1146341463415
Czechia,2011,13.58,22049.1080788682,77.8731707317073
Russia,2011,14.02,14305.33203125,69.6839024390244
Belarus,2011,14.38,6527.6593428786,70.5536585365854
Lithuania,2011,14.45,14261.8433787325,73.5634146341464
Georgia,2011,15.29,4119.66818307193,72.485
Romania,2011,17.22,9560.6755277458,74.409756097561
Burkina Faso,2011,17.24,725.024767725475,57.001
Malawi,2011,2.03,763.061000394572,58.859
Uzbekistan,2011,2.0,2087.86386135694,70.143
Guatemala,2011,2.06,3168.98370607705,70.321
Central African Republic,2011,2.36,534.057281471636,50.107
Turkey,2011,2.37,11373.6355760885,74.823
Bahrain,2011,2.41,25032.7867743333,79.141
Nigeria,2011,2.41,2418.41316975875,51.49
Sri Lanka,2011,2.68,3224.95745150496,74.74
Kenya,2011,2.72,1096.14499807675,61.283
Liberia,2011,2.83,568.087865520004,59.486
Fiji,2011,2.79,4139.60288609702,66.88
El Salvador,2011,2.77,3330.60049486653,71.192
Cambodia,2011,2.85,1088.98152823081,67.869
Haiti,2011,2.89,1312.03953552013,61.581
Guinea-Bissau,2011,3.0,719.539573498937,57.663
United Arab Emirates,2011,2.98,51921.904511613,81.898
Turkmenistan,2011,3.07,5143.61929334647,68.87
Cote d'Ivoire,2011,3.22,1596.62826565998,55.972
Lesotho,2011,3.21,1280.73390931581,46.93
Honduras,2011,3.19,2073.66121088074,70.116
Israel,2011,3.25,34522.5215979073,81.6560975609756
Zambia,2011,3.3,1624.86817763443,57.843
Jamaica,2011,3.48,5232.63644918132,72.245
Costa Rica,2011,3.59,9276.39107511347,79.624
Cabo Verde,2011,3.64,4002.01386888785,72.913
Mali,2011,3.69,938.292902583696,56.367
Samoa,2011,3.66,3821.50678264479,71.393
Chad,2011,4.04,1308.1421872538,50.426
Nicaragua,2011,4.0,1679.71192084633,72.033
Nauru,2011,4.06,6444.03642094634,60.287
Colombia,2011,4.15,7400.9940695669,75.18
Ecuador,2011,4.25,5153.6916424375,75.179
Bhutan,2011,4.45,2787.97967608562,69.28
Kazakhstan,2011,4.55,11287.1464926039,69.108
Rwanda,2011,4.81,651.133677964662,63.476
North Macedonia,2011,4.8,5416.86672931659,75.1
India,2011,4.86,1445.46127486037,67.623
Armenia,2011,4.99,3349.55309771906,73.8170731707317
Ghana,2011,5.2,1507.43573198753,61.617
Botswana,2011,5.2,7287.38295334919,59.715
Burundi,2011,5.32,230.069761381132,57.804
Mexico,2011,5.26,10664.4944032313,73.921
Trinidad and Tobago,2011,5.32,19151.0870229722,72.232
Dominican Republic,2011,5.5,5826.51014109195,72.496
Albania,2011,5.6,4465.70914328865,78.303
Cuba,2011,5.75,6104.46105236166,78.051
Guyana,2011,5.83,4947.22170589917,66.469
Suriname,2011,5.8,7949.88867218383,69.82
Bosnia and Herzegovina,2011,5.91,4982.69375768263,76.963
Eswatini,2011,5.92,4225.06049411911,49.057
Philippines,2011,6.33,2383.91892522087,69.096
Cyprus,2011,6.42,32485.798828125,80.855
Uruguay,2011,6.58,15132.2675725587,76.614
China,2011,6.64,5703.76027973346,75.889
Zimbabwe,2011,6.71,1037.77565157218,53.911
Japan,2011,6.74,48760.0789494211,82.5912195121951
Cameroon,2011,6.75,1513.96056994878,57.482
Panama,2011,6.77,9662.29590911979,76.659
Paraguay,2011,6.81,5805.40154542925,72.787
Malta,2011,7.02,23516.9691234302,80.7463414634146
Sao Tome and Principe,2011,7.11,1219.80189089671,64.122
Norway,2011,7.08,101221.813476644,81.2951219512195
Iceland,2011,7.38,48254.953927254,82.3585365853659
Belize,2011,7.38,5596.05222152289,70.975
Dominica,2011,7.49,7705.40717248319,71.517
Italy,2011,7.6,38432.3742820019,82.1878048780488
Mauritius,2011,7.84,9324.24232310496,73.2668292682927
Grenada,2011,7.78,6947.38136096464,74.861
Thailand,2011,7.89,5373.6232832898,75.302
Peru,2011,8.05,5861.35793645245,73.327
Chile,2011,8.13,14487.3927832032,79.236
Mongolia,2011,8.22,3736.04201455077,69.109268292683
South Africa,2011,8.34,8646.05571071635,60.602
Gabon,2011,8.36,10219.1139339454,65.102
Argentina,2011,8.36,12704.2831819684,76.1
Greece,2011,8.46,25504.7866510124,80.7317073170732
Antigua and Barbuda,2011,8.6,14911.7275084471,77.023
Uganda,2011,8.72,835.620060555838,60.791
Angola,2011,8.66,5184.15269149912,58.093
Barbados,2011,8.91,20508.1498810382,75.599
Benin,2011,9.03,1059.41358852588,58.462
Equatorial Guinea,2011,8.96,17198.2136668275,58.827
United States,2011,9.14,50024.868799398,78.6414634146341
Spain,2011,9.52,31824.6219134777,82.4756097560976
Vietnam,2011,9.65,1950.92504174913,73.713
Sweden,2011,9.64,60379.4814599322,81.8024390243903
Seychelles,2011,9.73,12110.0937461973,72.7243902439024
Bangladesh,2010,0.004,757.385280361508,68.009
Sudan,2010,0.0002,1305.63598632813,62.979
Libya,2010,0.003,11600.9068649472,72.196
Mauritania,2010,0.008,1659.96369705455,65.661
Afghanistan,2010,0.025,560.621505463146,60.702
Indonesia,2010,0.1,3065.68348377765,68.364
Pakistan,2010,0.083,987.304571124485,64.378
Kuwait,2010,0.14,39212.252220155,77.7262195121951
Niger,2010,0.17,474.425692340831,57.08
Comoros,2010,0.22,1386.5742428453,62.747
Guinea,2010,0.29,659.235326211315,56.431
Sierra Leone,2010,0.36,685.039673490948,51.927
Senegal,2010,0.42,1275.88357492357,64.221
Brunei Darussalam,2010,0.45,34937.5555357155,74.82
Algeria,2010,0.46,4912.78585503672,74.144
Timor-Leste,2010,0.52,813.060220670369,63.66
Jordan,2010,0.54,3718.46571622945,73.797
Djibouti,2010,0.55,1213.23352553429,60.743
Morocco,2010,0.57,3067.9853515625,70.821
Malaysia,2010,0.63,8899.34505544675,75.376
Tajikistan,2010,0.71,737.338883219356,68.37
Iraq,2010,0.68,4461.75196161555,68.092
Tuvalu,2010,0.66,3024.8170790571,64.834
Tonga,2010,0.75,3416.08356601207,71.319
South Sudan,2010,0.76,1498.27034985194,57.485
Solomon Islands,2010,0.82,1685.14535823757,68.669
Kiribati,2010,0.94,1522.10068744154,65.859
Madagascar,2010,0.92,450.009391645726,62.597
Oman,2010,0.97,23570.1798147325,77.184
Syrian Arab Republic,2010,0.98,2730.61477118949,73.542
Myanmar,2010,1.14,1010.53417343401,63.479
Qatar,2010,1.19,76462.6119486736,79.444
Papua New Guinea,2010,1.2,1866.86889851208,63.056
Mozambique,2010,1.34,496.185839392659,55.04
Eritrea,2010,1.42,539.699512069686,63.665
Togo,2010,1.43,704.986772286079,57.24
Singapore,2010,1.64,47236.683084953,81.5414634146342
Ethiopia,2010,1.67,330.619412798644,59.709
Vanuatu,2010,1.72,2815.18828985779,69.57
Nepal,2010,1.72,585.278491984574,66.772
Azerbaijan,2010,1.83,5843.5337683582,70.309
Tunisia,2010,1.85,4291.86120891575,74.438
Maldives,2010,1.92,7173.59601844692,76.756
Lebanon,2010,1.86,7625.81051551165,77.529
Uzbekistan,2010,1.93,1753.20730243278,69.836
New Zealand,2010,10.0,33761.9009639947,80.9048780487805
Spain,2010,9.96,30658.7422282912,81.6268292682927
Canada,2010,10.23,47560.6666009406,81.3221951219512
Switzerland,2010,10.33,76531.3729407691,82.2463414634147
Estonia,2010,10.42,14663.7041018705,75.4292682926829
Montenegro,2010,10.42,6678.63930800758,75.990243902439
Brazil,2010,10.4,11403.2840038694,73.779
Serbia,2010,10.54,5970.92660940072,74.3365853658537
Denmark,2010,10.75,58104.5445594981,79.1
Belgium,2010,10.89,44197.393671162,80.1829268292683
Australia,2010,11.0,52313.8939041213,81.6951219512195
Bulgaria,2010,11.16,6853.94805511171,73.5121951219512
Croatia,2010,11.44,13729.7654965022,76.4756097560976
Slovenia,2010,11.51,23329.8417691156,79.4219512195122
Andorra,2010,11.5,42746.830391567,84.197
Poland,2010,11.63,12567.7317676382,76.2463414634146
Ukraine,2010,11.85,3039.63232421875,70.188
Hungary,2010,12.0,13189.8433874768,74.2073170731707
Luxembourg,2010,12.09,110885.991378721,80.6317073170732
Germany,2010,12.09,42396.9665976293,79.9878048780488
Ireland,2010,12.13,48623.9666422487,80.7439024390244
Portugal,2010,12.18,22551.935098809,79.0268292682927
Latvia,2010,12.27,11188.4191700977,73.4829268292683
Austria,2010,12.44,46611.1393420232,80.5804878048781
Finland,2010,12.59,46506.2919016566,79.8707317073171
France,2010,13.07,40694.8211697025,81.6634146341463
Czechia,2010,13.76,20160.4355077059,77.4243902439025
Lithuania,2010,13.84,11829.122609457,73.2682926829268
Russia,2010,14.16,10674.990234375,68.8412195121951
Belarus,2010,14.56,6034.67885177216,70.4048780487805
Georgia,2010,14.83,3281.72930937343,71.732
Romania,2010,17.57,8399.5374234284,73.4585365853659
Burkina Faso,2010,17.82,624.957252224766,56.343
Malawi,2010,2.02,683.124694716799,57.787
Guatemala,2010,2.1,2805.25960237322,69.885
Bahrain,2010,2.43,21819.3291098099,78.593
Turkey,2010,2.35,10698.9699409757,74.964
Central African Republic,2010,2.38,476.873786950728,46.871
Sri Lanka,2010,2.4,2808.36244503709,74.463
Cambodia,2010,2.45,952.274616324008,67.311
Kenya,2010,2.67,1091.51873101194,60.915
Nigeria,2010,2.81,2202.25672957344,51.315
El Salvador,2010,2.8,3040.07300952878,70.909
Liberia,2010,2.93,492.252808033724,59.358
United Arab Emirates,2010,2.97,44795.2949302268,81.886
Guinea-Bissau,2010,2.99,600.194298540768,56.999
Turkmenistan,2010,2.97,4058.53937000739,68.608
Fiji,2010,3.0,3449.14452883369,66.778
Cote d'Ivoire,2010,3.11,1553.54887048143,55.282
Israel,2010,3.2,31439.0887027614,81.6024390243903
Honduras,2010,3.21,1893.32722662035,69.77
Haiti,2010,3.29,1209.72733503094,45.577
Zambia,2010,3.27,1451.10616017155,56.896
Lesotho,2010,3.27,1119.47557793042,46.045
Jamaica,2010,3.38,4809.977380312,71.979
Nauru,2010,3.54,4735.92000502092,60.074
Mali,2010,3.7,797.151541135109,55.993
Costa Rica,2010,3.77,8265.78820275582,79.354
Samoa,2010,3.79,3524.2479246203,71.451
Cabo Verde,2010,3.85,3579.46006137809,72.507
Chad,2010,3.86,1141.80069268412,50.107
Nicaragua,2010,3.91,1526.56706951408,71.761
Colombia,2010,4.11,6398.2958447102,74.876
Ecuador,2010,4.19,4520.30959039763,75.188
Kazakhstan,2010,4.36,8793.07589980782,68.257
Bhutan,2010,4.46,2435.5798056672,68.765
India,2010,4.59,1347.51939071367,67.162
Rwanda,2010,4.67,593.624927744346,62.804
North Macedonia,2010,4.79,4833.36586759968,74.9975609756098
Armenia,2010,4.99,3041.34450723339,73.1731707317073
Ghana,2010,5.23,1263.89251760539,61.297
Trinidad and Tobago,2010,5.32,16815.424737361,71.809
Botswana,2010,5.39,6215.73216077919,59.137
Dominican Republic,2010,5.52,5478.62470398954,72.039
Mexico,2010,5.46,9728.80078377082,73.718
Suriname,2010,5.54,7943.60482816915,69.626
Cuba,2010,5.69,5272.26755824835,77.876
Guyana,2010,5.75,4581.76179693492,66.204
Bosnia and Herzegovina,2010,5.82,4506.47828548389,76.827
Eswatini,2010,5.82,3922.74039390733,48.331
Albania,2010,6.04,4149.14469936847,78.414
China,2010,6.03,4629.24551710077,75.668
Philippines,2010,6.12,2162.91375885614,68.883
Burundi,2010,6.25,216.727705301976,57.088
Zimbabwe,2010,6.47,902.010759067388,51.925
Cyprus,2010,6.5,31105.02734375,80.632
Cameroon,2010,6.63,1398.58702025047,56.965
Panama,2010,6.71,8331.46422259967,76.417
Japan,2010,6.74,44968.1562349739,82.8426829268293
Uruguay,2010,6.75,12641.0576849008,76.691
Malta,2010,6.85,21946.6069636029,81.3975609756098
Paraguay,2010,6.8,4750.96273669458,72.551
Sao Tome and Principe,2010,7.09,1045.20958234528,63.867
Italy,2010,7.24,35856.8625485539,82.0365853658537
Norway,2010,7.25,88163.2085931423,80.9975609756098
Belize,2010,7.44,5461.40735999001,70.875
Dominica,2010,7.48,7549.61964680375,71.68
Iceland,2010,7.55,43776.4677400475,81.8975609756097
Thailand,2010,7.58,4973.86288823778,75.012
Peru,2010,7.75,5072.11494019615,72.886
Grenada,2010,7.81,6909.60169568597,74.731
Mauritius,2010,7.91,8113.17670740212,72.9673170731707
Chile,2010,7.91,12632.8704724192,79.095
Mongolia,2010,7.89,2625.21881402433,68.5056097560976
Equatorial Guinea,2010,8.22,13720.1658723222,58.344
South Africa,2010,8.24,7973.47195771517,58.886
Gabon,2010,8.32,8356.74662013345,64.715
Angola,2010,8.44,4101.63715566712,57.242
Argentina,2010,8.51,10260.1313108254,75.68
Antigua and Barbuda,2010,8.57,15217.3950790922,76.701
Seychelles,2010,8.63,10934.79494629,73.1975609756098
Greece,2010,8.75,26653.0488008626,80.3878048780488
Barbados,2010,8.76,20610.5150721363,75.488
Benin,2010,8.85,973.244254931526,58.387
Uganda,2010,8.98,823.488144282,59.959
Vietnam,2010,9.1,1683.16182443979,73.611
United States,2010,9.1,48642.6100179312,78.5414634146342
Sweden,2010,9.78,52542.5759090299,81.4512195121951
Namibia,2010,9.9,5418.21633365814,56.093
